date,open,high,low,close,volume,amount
2019-11-26,3893.4340,3899.1090,3869.5940,3891.6530,11151353600,140213633024.0000
2019-11-27,3883.4290,3889.9780,3862.7010,3875.6180,7643730432,107238821888.0000
2019-11-28,3877.9010,3887.6900,3852.0100,3862.3020,6523011840,87081787392.0000
2019-11-29,3857.1880,3861.6580,3804.8290,3828.6700,7414433024,116200558592.0000
2019-12-02,3835.5120,3854.7500,3829.3120,3836.0580,7741217280,109992591360.0000
2019-12-03,3829.2120,3851.1200,3811.6280,3851.0870,7361124096,108703715328.0000
2019-12-04,3841.6620,3852.9920,3831.0740,3849.8190,7968338432,109646344192.0000
2019-12-05,3863.6080,3883.4030,3859.8220,3879.3630,8905119232,129357594624.0000
2019-12-06,3885.0580,3902.3850,3878.7000,3902.3850,7864888832,116424777728.0000
2019-12-09,3909.5290,3911.9680,3885.2500,3895.4460,9535380736,130873098240.0000
2019-12-10,3886.4440,3900.9590,3882.0870,3900.3840,8626292736,121118412800.0000
2019-12-11,3907.1590,3909.3850,3890.3410,3902.7490,9976548096,127690403840.0000
2019-12-12,3908.4530,3908.4530,3886.1180,3891.0240,8470832896,117874315264.0000
2019-12-13,3928.0040,3969.4560,3925.2750,3968.2210,14857134848,201018884096.0000
2019-12-16,3970.7090,3987.5860,3953.5120,3987.5460,14848667136,202154897408.0000
2019-12-17,3987.7420,4067.1350,3984.5190,4041.7990,20116293632,251637866496.0000
2019-12-18,4039.7240,4057.6400,4025.3430,4032.7820,15135176448,197620207616.0000
2019-12-19,4034.6150,4038.5430,4014.8950,4027.1490,11790055936,152553807872.0000
2019-12-20,4032.1510,4046.7260,4014.9290,4017.2520,12126766336,158460231680.0000
2019-12-23,4014.6920,4032.1720,3964.3790,3967.0960,12281624576,162048262144.0000
2019-12-24,3971.5600,3994.5090,3963.6650,3992.9580,9598904576,122499162112.0000
2019-12-25,3988.6570,4000.5550,3976.3550,3990.8670,9493889024,131896467456.0000
2019-12-26,3993.6680,4025.9870,3993.5410,4025.9870,10886064128,140814966784.0000
2019-12-27,4029.2450,4066.7960,4019.7220,4022.0270,15092641024,195090415616.0000
2019-12-30,4015.5190,4083.6900,4001.4950,4081.6330,15597148928,216814661632.0000
2019-12-31,4077.7510,4098.1440,4069.0080,4096.5820,12326425856,173119348736.0000
2020-01-02,4121.3480,4172.6550,4121.3480,4152.2400,18211677184,270105530368.0000
2020-01-03,4161.2180,4164.2980,4131.8640,4144.9640,14282624512,215216287744.0000
2020-01-06,4120.5210,4170.6380,4102.3790,4129.2950,17530995200,250182070272.0000
2020-01-07,4137.4010,4161.2500,4135.0970,4160.2270,13948903168,196389060608.0000
2020-01-08,4139.6310,4149.8130,4101.9800,4112.3170,16758585088,212406263808.0000
2020-01-09,4145.5340,4165.6570,4143.5920,4164.3690,13688632320,200150351872.0000
2020-01-10,4177.5770,4180.9770,4148.4810,4163.1840,11303171840,177827414016.0000
2020-01-13,4166.9250,4203.9880,4148.6000,4203.9880,11969198336,199795490816.0000
2020-01-14,4215.1570,4223.5070,4188.0800,4189.8860,12932078336,196221263872.0000
2020-01-15,4186.8810,4193.8680,4150.8790,4166.7340,10463313664,163081932800.0000
2020-01-16,4174.8170,4175.2930,4142.1790,4149.0430,10026764288,156242505728.0000
2020-01-17,4162.1930,4177.0280,4141.6440,4154.8530,9872568320,166591590400.0000
2020-01-20,4170.7360,4185.9620,4149.4870,4185.8300,12240914688,202692288512.0000
2020-01-21,4165.0200,4165.0200,4113.3250,4114.3080,13052750592,204586881024.0000
2020-01-22,4093.8000,4141.1770,4046.4860,4131.9310,12675876352,208136151040.0000
2020-01-23,4093.3220,4103.5240,3972.3930,4003.9010,16035760384,250409357312.0000
2020-02-03,3639.9080,3732.1570,3639.9080,3688.3570,15755964672,243303104512.0000
2020-02-04,3652.0030,3786.8620,3652.0030,3785.6370,21393332736,298165768192.0000
2020-02-05,3801.0990,3866.0100,3781.6130,3828.5270,17492552448,264042921984.0000
2020-02-06,3841.7530,3914.9150,3806.9600,3899.7750,17646223616,262820089856.0000
2020-02-07,3879.5530,3899.8830,3849.7120,3899.8690,15173175808,237508816896.0000
2020-02-10,3872.3730,3920.1660,3861.0060,3916.0050,14840696832,229625442304.0000
2020-02-11,3926.4200,3970.5220,3915.7070,3952.4640,14344167424,219307118592.0000
2020-02-12,3945.6660,3984.4320,3940.6660,3984.4320,12671032064,200776708096.0000
2020-02-13,3985.8750,3999.5490,3950.1420,3959.9180,14500184320,228605964288.0000
2020-02-14,3954.2340,4001.5620,3954.0230,3987.7340,14323980288,222895075328.0000
2020-02-17,3999.6510,4077.4460,3999.6510,4077.4240,18277896960,273067819008.0000
2020-02-18,4069.8310,4076.3880,4027.7850,4057.5100,16323621888,242552516608.0000
2020-02-19,4049.5860,4085.1700,4042.8450,4051.3100,16904644096,257554534400.0000
2020-02-20,4062.8960,4148.5280,4055.8100,4144.6560,21223262464,310835589120.0000
2020-02-21,4134.8740,4184.4370,4130.1670,4149.4900,21721360384,326564003840.0000
2020-02-24,4131.8360,4149.0100,4097.1750,4132.8380,21286930432,326387802112.0000
2020-02-25,4066.3020,4126.7070,4020.9070,4123.8540,24416783104,372213719040.0000
2020-02-26,4070.0990,4132.7810,4061.1250,4073.0150,26109406208,366022418432.0000
2020-02-27,4084.0780,4110.5270,4067.4400,4084.8750,18129097984,282050207744.0000
2020-02-28,3988.7270,4031.1450,3928.0660,3940.0480,23027509248,330358906880.0000
2020-03-02,3968.8430,4092.5390,3968.8430,4069.6660,21931355904,317426204672.0000
2020-03-03,4125.1350,4147.6520,4067.9090,4091.3610,21936977664,330802585600.0000
2020-03-04,4078.4990,4115.2610,4060.7290,4115.0520,18242472960,281784864768.0000
2020-03-05,4150.2100,4215.8510,4127.0380,4206.7250,23182311424,362838831104.0000
2020-03-06,4158.2020,4181.3100,4135.3900,4138.5070,17247571712,253168631808.0000
2020-03-09,4063.0760,4063.0760,3995.1313,3997.1325,20810203500,305428730303.8000
2020-03-10,3975.2288,4093.0024,3954.7506,4082.7315,19741640200,296184435851.3000
2020-03-11,4090.9348,4091.2704,4028.3964,4028.4289,16165611100,244990872685.9000
2020-03-12,3976.1139,3987.4336,3926.2704,3950.9111,15706045800,233152848759.1000
2020-03-13,3771.0139,3937.1806,3765.1479,3895.3128,18829672200,280213453213.7000
2020-03-16,3899.8598,3899.8598,3720.5127,3727.8398,18596826000,282836238271.2000
2020-03-17,3739.7833,3786.8908,3618.3070,3709.6822,16624612900,250824025696.9000
2020-03-18,3729.6853,3775.8506,3636.2565,3636.2565,15503754700,244127161535.3000
2020-03-19,3623.7890,3647.9874,3503.1866,3589.0926,18080740700,271827467961.6000
2020-03-20,3629.5126,3663.9517,3588.7766,3653.2239,13960300000,211223073323.1000
2020-03-23,3542.6837,3585.8014,3523.7877,3530.3058,13710879000,197669624970.1000
2020-03-24,3598.6548,3627.7592,3545.4524,3625.1146,14310302100,208553840688.5000
2020-03-25,3711.4753,3732.6536,3685.9942,3722.5181,15349595800,231561518761.2000
2020-03-26,3692.6083,3736.2536,3681.2668,3698.0472,11231066500,169336311861.4000
2020-03-27,3746.3914,3758.7827,3709.9213,3710.0605,12406099500,186103426334.7000
2020-03-30,3657.4624,3690.6388,3637.5853,3674.1108,12687667300,180640799409.3000
2020-03-31,3708.1404,3716.0707,3676.2024,3686.1551,11145302500,161595510008.2000
2020-04-01,3682.2966,3731.7799,3670.9653,3675.0758,11935262000,170422568804.4000
2020-04-02,3656.3225,3734.5306,3652.3167,3734.5306,11516820900,168893255656.6000
2020-04-03,3721.4815,3738.8323,3698.9822,3713.2183,9982508300,150132815028.5000
2020-04-07,3779.9076,3803.6286,3772.2054,3798.0214,14277803000,207642820316.9000
2020-04-08,3776.4171,3793.0023,3767.2924,3780.3445,11138951300,161576772320.2000
2020-04-09,3798.4879,3801.7245,3785.3116,3792.8105,10048503200,154595318812.8000
2020-04-10,3794.8429,3824.7441,3758.9599,3769.1782,10244495600,162251233800.7000
2020-04-13,3751.7093,3769.8764,3740.1936,3753.2566,7905334300,119874303204.6000
2020-04-14,3777.8343,3825.7599,3764.9838,3825.6991,11063758500,170612579792.4000
2020-04-15,3820.8506,3829.8009,3793.4402,3797.3623,10846198400,169700216633.0000
2020-04-16,3777.7986,3807.3569,3774.5585,3802.3806,9594796500,147164302056.9000
2020-04-17,3831.9232,3863.4521,3821.4201,3839.4871,13200430100,203595267033.5000
2020-04-20,3845.4598,3853.7984,3831.5530,3853.4551,10001311500,151924090117.0000
2020-04-21,3838.2314,3838.2314,3779.9967,3808.0474,10292188800,155077454132.0000
2020-04-22,3789.1297,3839.3834,3782.2149,3839.3834,8589946400,135547280790.0000
2020-04-23,3851.9132,3857.4709,3826.5565,3829.7525,9550845000,142122548831.8000
2020-04-24,3826.3116,3827.2120,3787.0714,3796.9721,9484413500,138961200282.7000
2020-04-27,3808.0171,3842.8706,3793.7655,3822.7690,9546273500,145301151875.0000
2020-04-28,3835.3480,3859.6754,3768.2000,3849.1465,12209347600,184179759240.3000
2020-04-29,3837.5135,3880.7444,3833.7164,3867.0320,9585459000,151282103744.2000
2020-04-30,3880.4094,3921.7004,3880.4094,3912.5772,13291712500,202268288802.3000
2020-05-06,3867.2587,3937.6909,3865.9875,3936.2539,13985567500,214935962364.4000
2020-05-07,3937.5918,3941.4833,3915.9048,3924.8946,10551464600,167207801840.2000
2020-05-08,3942.9972,3979.6627,3935.9805,3963.6217,11694334100,190299584716.9000
2020-05-11,3974.7605,3998.0972,3944.5037,3960.1803,12267380300,193758093899.8000
2020-05-12,3961.3427,3970.1115,3930.2108,3960.2378,9825055400,157465780059.9000
2020-05-13,3946.6428,3972.5254,3932.5711,3968.2529,8819066900,145563383275.8000
2020-05-14,3952.1986,3952.1986,3924.0452,3925.2177,8853000400,143499177719.8000
2020-05-15,3941.1250,3945.1956,3907.4021,3912.8159,9261838200,153301505149.4000
2020-05-18,3914.6602,3946.4312,3898.4041,3922.9117,11280176200,188528121367.6000
2020-05-19,3963.7754,3966.8518,3944.0715,3956.2495,9401529100,159886222402.2000
2020-05-20,3955.7145,3955.7145,3923.9213,3935.2220,10079115000,157102533276.1000
2020-05-21,3950.5981,3951.7430,3907.5788,3913.7949,9486103300,149154142257.8000
2020-05-22,3907.5761,3907.5761,3818.1488,3824.0640,10337836000,157286504986.3000
2020-05-25,3828.3206,3835.6333,3800.1796,3829.3245,7903332600,127011917716.3000
2020-05-26,3850.0009,3874.7484,3844.4776,3872.7701,7744807600,125445619316.8000
2020-05-27,3873.6984,3873.6984,3838.4247,3845.6135,8371183100,123737501165.0000
2020-05-28,3848.4892,3885.4211,3818.4318,3856.6324,9306405400,139108407792.0000
2020-05-29,3838.3769,3872.3031,3830.4185,3867.0232,9381383200,135658136028.2000
2020-06-01,3901.7263,3976.3151,3901.7263,3971.3402,13645665200,208436512945.1000
2020-06-02,3969.9521,3991.7761,3958.9774,3983.5677,14430306000,195563304256.3000
2020-06-03,4001.1708,4018.6759,3982.9299,3983.6477,13659748300,200882767676.9000
2020-06-04,3998.1636,3999.8051,3968.5723,3982.1851,10427773700,149057855837.5000
2020-06-05,3988.2239,4001.2509,3967.9260,4001.2509,10244394200,154311342981.8000
2020-06-08,4023.6060,4050.2213,4016.1015,4021.9549,13792581300,193047518687.6000
2020-06-09,4027.5613,4052.1557,4016.3387,4047.0293,11530447900,166533966010.0000
2020-06-10,4046.2317,4046.2317,4024.4185,4039.7051,11226572800,166778642366.2000
2020-06-11,4031.7396,4043.0123,3979.7522,3995.8846,12730894100,197079441861.1000
2020-06-12,3931.6236,4011.0591,3927.2491,4003.0829,13416664900,193504046742.3000
2020-06-15,3982.9672,4007.1396,3954.9883,3954.9883,13129786000,211125336143.8000
2020-06-16,3995.5786,4014.5702,3987.8637,4014.5702,11105153900,185104029158.9000
2020-06-17,4018.6094,4018.6094,3992.1339,4017.5941,10560579900,176977503611.2000
2020-06-18,4009.7831,4047.5566,4000.9008,4044.3842,13814876100,210192918146.2000
2020-06-19,4047.0483,4109.3602,4043.4925,4098.7095,15294699000,255549797299.6000
2020-06-22,4097.5071,4126.9421,4088.7822,4102.0459,15582946500,259200520725.7000
2020-06-23,4098.0373,4124.7250,4080.7533,4121.7944,12922951000,234806510834.5000
2020-06-24,4128.1003,4144.6782,4123.3582,4138.9895,12171246500,224551430008.0000
2020-06-29,4127.9348,4137.3696,4092.5352,4109.7164,13086585400,226522059762.9000
2020-06-30,4130.0028,4174.4236,4129.7754,4163.9637,12593352100,227935704488.9000
2020-07-01,4172.6425,4247.7835,4163.4954,4247.7835,16999045600,305711799762.0000
2020-07-02,4239.4080,4340.1039,4238.1164,4335.8445,25293936800,399571526695.3000
2020-07-03,4353.1937,4419.5955,4348.4535,4419.5955,29048553900,442335024266.1000
2020-07-06,4465.8081,4678.1121,4465.8081,4670.0949,40582102500,597438217716.0000
2020-07-07,4739.6104,4796.3155,4688.0574,4698.1264,40600855300,635254742706.0000
2020-07-08,4692.8621,4803.3643,4670.6501,4774.0042,34807484700,532849825964.5000
2020-07-09,4770.0769,4854.1201,4757.2943,4840.7712,35104689300,556718732098.9000
2020-07-10,4796.0873,4821.3745,4734.4725,4753.1333,31694965100,510472055095.9000
2020-07-13,4742.3738,4878.0773,4741.8743,4852.9612,32164544600,541105098721.0000
2020-07-14,4836.1655,4860.4404,4729.9258,4806.6902,29724198500,511211048184.9000
2020-07-15,4821.5155,4837.4757,4723.3608,4744.4687,27238900600,486748347680.4000
2020-07-16,4741.5295,4772.5638,4513.6537,4516.2532,28465713300,511237962884.2000
2020-07-17,4524.7717,4601.3733,4485.8214,4544.7007,20737556300,372973887046.0000
2020-07-20,4597.2038,4681.9431,4534.2305,4680.3046,24606891400,416714222275.7000
2020-07-21,4697.5026,4714.2925,4661.4440,4691.0425,20041565900,356069805762.6000
2020-07-22,4682.6575,4790.4491,4675.3488,4714.4454,22419921100,386470859914.3000
2020-07-23,4668.7401,4731.4004,4607.6585,4712.4357,23431456900,405175268660.9000
2020-07-24,4679.0273,4691.6980,4479.3928,4505.5906,24390520300,437726712279.7000
2020-07-27,4535.0053,4558.1189,4482.4408,4528.4500,17142055100,301893370163.2000
2020-07-28,4567.6691,4590.2496,4537.6849,4568.2576,16276849800,292835785345.2000
2020-07-29,4559.1634,4680.5580,4548.8535,4679.0080,18669530500,350432649160.5000
2020-07-30,4689.7632,4704.6305,4649.7677,4656.1506,16696756600,324009242692.4000
2020-07-31,4652.1824,4741.8084,4621.9635,4695.0462,18483902600,351119312415.0000
2020-08-03,4735.8985,4771.3694,4720.0250,4771.3108,21477623900,401914824928.3000
2020-08-04,4778.4866,4807.0782,4747.7748,4775.8024,23997498500,426411345935.8000
2020-08-05,4761.7637,4786.7031,4711.2723,4777.1089,19670054800,347407839399.1000
2020-08-06,4779.2377,4791.8565,4691.1569,4762.7642,22785440600,404323404006.9000
2020-08-07,4742.2939,4749.0217,4637.8427,4707.9262,21351821600,397041212825.0000
2020-08-10,4681.7553,4757.6634,4646.2885,4724.8697,20378883200,371297560017.6000
2020-08-11,4730.3748,4791.5337,4674.8642,4681.7837,20554651100,350828586241.1000
2020-08-12,4668.8899,4681.6206,4566.2736,4647.6446,20288723900,347298673202.0000
2020-08-13,4666.4901,4671.7689,4626.1033,4635.7126,15255009200,250945872578.9000
2020-08-14,4627.6100,4708.0709,4617.6320,4704.6288,14729292100,254343934256.2000
2020-08-17,4727.1204,4838.0864,4721.3589,4815.2261,26800155600,416469154934.0000
2020-08-18,4816.5703,4825.3861,4788.8293,4812.7564,18913985400,314395904535.5000
2020-08-19,4804.6655,4809.0499,4738.0086,4740.6784,19244294800,319403284708.3000
2020-08-20,4708.1253,4721.4357,4662.8032,4679.1544,15836863900,260486563515.0000
2020-08-21,4717.7874,4739.4836,4684.8101,4718.8431,14265786400,251775160233.8000
2020-08-24,4746.4035,4769.4673,4716.6054,4755.8491,15114351200,272428686418.6000
2020-08-25,4769.2107,4802.4122,4746.3130,4761.9507,14170135100,262308788275.0000
2020-08-26,4761.7186,4786.4249,4689.8810,4706.1302,15130518000,277456360643.0000
2020-08-27,4718.0620,4731.9351,4679.3623,4731.3451,11904285000,223631511405.6000
2020-08-28,4727.2920,4850.4884,4719.3526,4844.2652,15939976500,305047882508.6000
2020-08-31,4870.9337,4901.2115,4816.2123,4816.2153,20256702900,357005064604.8000
2020-09-01,4803.3922,4842.1350,4791.7829,4842.1223,13839540200,262018070577.3000
2020-09-02,4859.0754,4863.5509,4797.5204,4843.8870,15798952400,280778613751.4000
2020-09-03,4841.5020,4877.0117,4800.0577,4817.0952,14567120100,279411988792.3000
2020-09-04,4737.2368,4778.2030,4726.5559,4770.2190,12003279600,238463337878.7000
2020-09-07,4759.5213,4789.3031,4655.5600,4669.3677,14860779100,282316394067.8000
2020-09-08,4683.8256,4707.8966,4639.0531,4694.3894,13919922700,249198138076.0000
2020-09-09,4634.2470,4645.1972,4558.0304,4584.5887,16227710700,244905191934.1000
2020-09-10,4632.0994,4647.7505,4572.2058,4581.9775,15065287800,226146354804.6000
2020-09-11,4572.2572,4630.8842,4563.1061,4627.2826,11530242400,198240927301.5000
2020-09-14,4652.0539,4666.9862,4625.9877,4651.0507,10723517900,211653411810.9000
2020-09-15,4649.4472,4691.4997,4630.5374,4688.4826,10191592500,194573684119.3000
2020-09-16,4683.0060,4690.6815,4638.4586,4657.3584,10875364100,196120184850.9000
2020-09-17,4642.0542,4664.9491,4601.6390,4632.7142,10598363100,214146647269.6000
2020-09-18,4636.6422,4737.8039,4631.7045,4737.0887,16042647500,281885944229.0000
2020-09-21,4750.7481,4752.9799,4688.7199,4691.4281,12453582700,224137912695.2000
2020-09-22,4654.2179,4706.2096,4622.1111,4635.7608,11967294700,202909215534.6000
2020-09-23,4639.6592,4665.9600,4623.5528,4652.3273,9582652800,190393472276.3000
2020-09-24,4623.9535,4631.9482,4562.2086,4563.0657,11259368300,193515873700.2000
2020-09-25,4582.4820,4599.5387,4554.7199,4570.0216,9301515500,167457376964.0000
2020-09-28,4582.6471,4613.6324,4571.1507,4581.9085,8504838900,159314675407.1000
2020-09-29,4608.2926,4616.6767,4586.3537,4591.7993,8599385800,159937888502.2000
2020-09-30,4607.5753,4634.7239,4563.4108,4587.3953,8908120000,165532220885.2000
2020-10-09,4663.6100,4695.4041,4655.0851,4681.1412,11133751200,229926731489.9000
2020-10-12,4705.1883,4823.2666,4704.1554,4823.1578,15578455800,307848558046.0000
2020-10-13,4812.8989,4845.9191,4795.3730,4839.2010,11651633800,242172567248.5000
2020-10-14,4830.4575,4830.4575,4795.9069,4807.1021,11190692300,229836207247.8000
2020-10-15,4810.7821,4833.8925,4796.2647,4798.7361,10996496200,213878285047.0000
2020-10-16,4798.9162,4825.5518,4765.9670,4791.6760,11671610200,204175130717.5000
2020-10-19,4823.4944,4849.6050,4747.3356,4755.4879,12924636100,225392198225.0000
2020-10-20,4751.3694,4793.4672,4739.4583,4793.4672,9804815600,185849198017.6000
2020-10-21,4801.6313,4801.6313,4758.8552,4792.8284,10380570300,189978697043.6000
2020-10-22,4780.5954,4791.8078,4725.4993,4777.9845,10135089100,194614971169.8000
2020-10-23,4775.4665,4802.4560,4717.0984,4718.4881,10682518400,200985821991.5000
2020-10-26,4684.0465,4713.3945,4639.3019,4691.2359,10834327500,205518988284.4000
2020-10-27,4680.1371,4708.4623,4671.8536,4699.2792,9265630400,186675545690.4000
2020-10-28,4703.0036,4753.3125,4685.6012,4737.2718,10846340200,226754264067.0000
2020-10-29,4683.6070,4803.0317,4679.2529,4772.9198,11711725000,252303504993.0000
2020-10-30,4776.4726,4778.5089,4683.4719,4695.3338,13980230300,280783321713.1000
2020-11-02,4702.7457,4738.0239,4695.4436,4720.8313,14286769300,279027685157.1000
2020-11-03,4743.1742,4793.3963,4734.1748,4777.5608,13605540800,252390556313.5000
2020-11-04,4781.4480,4825.4638,4770.5582,4813.6564,11466180600,230513773046.3000
2020-11-05,4861.3377,4885.1118,4837.9996,4885.1118,13924459400,281951932371.0000
2020-11-06,4897.6295,4897.6295,4845.4293,4885.7178,15363903400,305365103652.9000
2020-11-09,4918.8609,4997.8017,4918.8609,4981.3497,19713198400,371923282063.4000
2020-11-10,4995.4126,4995.4126,4928.9319,4953.8756,17626721400,334271459964.0000
2020-11-11,4937.7582,4957.5846,4901.7067,4904.8981,16447051500,303858557977.1000
2020-11-12,4916.7736,4926.3422,4891.5100,4908.4630,11811461900,227645907147.2000
2020-11-13,4886.9778,4886.9778,4825.7578,4856.8513,13369307900,255353111737.8000
2020-11-16,4880.9580,4904.1716,4848.6239,4904.1716,14877098000,266705031671.5000
2020-11-17,4903.1200,4909.2902,4865.3942,4894.7860,15148746400,288911408551.0000
2020-11-18,4889.6749,4911.0876,4870.7162,4891.6716,16421661600,290727223227.2000
2020-11-19,4880.9224,4939.7911,4870.2005,4927.9891,13368137800,247727135000.5000
2020-11-20,4928.2223,4947.4297,4922.5895,4943.2882,12940034100,229053679195.4000
2020-11-23,4954.5987,5029.6515,4940.4494,5005.0273,20591518700,333633826416.7000
2020-11-24,4997.0485,5001.0614,4960.9817,4974.2855,15663791100,264804443317.7000
2020-11-25,4992.7466,5004.7732,4910.7000,4910.7000,17034052700,277070642970.7000
2020-11-26,4908.3208,4925.2857,4867.8153,4919.5912,13720233800,239748145475.7000
2020-11-27,4930.5928,4980.7650,4917.3479,4980.7650,16295292200,253178971224.0000
2020-11-30,4994.1063,5055.1920,4960.2519,4960.2519,26263895000,396495834420.8000
2020-12-01,4963.1302,5072.5494,4963.1302,5067.0983,20406563800,328451014444.2000
2020-12-02,5072.9755,5090.6084,5043.3091,5067.1447,19543547600,310609728842.5000
2020-12-03,5065.4531,5072.3046,5033.7887,5057.0603,17786574800,275335207429.1000
2020-12-04,5049.5231,5072.3865,5017.8506,5065.9163,14434716700,257798820735.0000
2020-12-07,5065.7285,5067.8698,5014.6090,5022.2351,13989621700,264657773932.9000
2020-12-08,5029.1063,5043.0605,4998.9218,5009.8786,12307302900,234880648439.1000
2020-12-09,5022.3846,5033.6417,4942.5195,4942.6986,13891696500,260772774152.9000
2020-12-10,4931.2933,4962.7433,4919.7696,4940.5249,12591427000,229651278357.4000
2020-12-11,4957.8236,4957.8236,4849.3547,4889.6292,15935769700,275212730069.9000
2020-12-14,4903.6270,4937.2601,4887.6599,4934.8352,12080155200,247878279711.0000
2020-12-15,4931.6019,4954.1885,4904.7926,4945.1000,11834263300,248093390249.2000
2020-12-16,4957.2971,4968.8558,4938.1932,4953.8670,10677896800,229696035696.9000
2020-12-17,4960.7290,5021.6171,4950.3713,5017.4784,13338547900,270180356109.3000
2020-12-18,5014.3211,5027.4446,4979.0051,4999.9678,12804961800,258938551535.8000
2020-12-21,4995.7622,5048.5074,4969.9990,5046.8396,14081178200,298204296843.3000
2020-12-22,5034.9831,5055.1348,4960.9457,4964.7727,16234497000,326758817663.3000
2020-12-23,4977.2994,5028.4506,4968.1509,5007.1235,14029281900,308729037473.7000
2020-12-24,5006.0051,5033.0380,4979.2371,5000.0154,11441866700,246674476188.8000
2020-12-25,4985.7695,5042.0978,4973.6812,5042.0137,12100697900,243992268243.3000
2020-12-28,5042.9432,5089.3447,5037.8582,5064.4147,13691440700,281019254170.5000
2020-12-29,5071.4490,5077.4167,5034.3078,5042.9361,14119866200,279035233253.8000
2020-12-30,5037.9848,5113.7105,5036.6288,5113.7105,14862644800,296577812603.0000
2020-12-31,5122.4799,5215.6178,5122.4799,5211.2885,17160250900,358731371834.7000
2021-01-04,5212.9313,5284.4343,5190.9372,5267.7181,21171138200,452796175554.0000
2021-01-05,5245.8355,5368.5049,5234.3775,5368.5049,22493115900,498041939761.0000
2021-01-06,5386.5144,5433.4694,5341.4304,5417.6677,19377344400,444434377137.3000
2021-01-07,5428.3944,5513.6568,5413.3526,5513.6568,21987208000,473385353695.8000
2021-01-08,5526.2876,5547.4733,5442.6939,5495.4306,20432495600,473567653978.6000
2021-01-11,5504.2358,5555.6916,5412.5046,5441.1583,23183598300,522298482544.3000
2021-01-12,5419.4996,5596.3525,5417.6272,5596.3525,22422018600,486233760739.8000
2021-01-13,5609.2637,5644.7195,5535.1435,5577.9711,26156988600,546959736365.5000
2021-01-14,5556.2125,5568.0179,5458.6818,5470.4563,24368338000,501890111879.0000
2021-01-15,5471.3910,5500.6348,5390.2737,5458.0812,23863743500,475709920372.3000
2021-01-18,5438.1618,5541.4613,5410.7750,5518.5205,20705186900,422717209153.0000
2021-01-19,5525.9690,5532.4793,5415.7166,5437.5234,21104342500,433205176449.9000
2021-01-20,5439.9111,5496.0493,5426.5357,5476.4336,17091326000,373770384496.4000
2021-01-21,5492.9587,5593.1058,5490.5626,5564.9693,20995019700,453183684478.9000
2021-01-22,5562.3790,5573.6594,5513.8769,5569.7760,19930002000,456622193435.6000
2021-01-25,5564.1237,5655.4795,5543.2663,5625.9232,19704701900,508166980802.0000
2021-01-26,5600.9017,5600.9017,5505.9962,5512.9678,17190459000,415008069865.0000
2021-01-27,5505.7708,5534.9928,5449.6385,5528.0034,16019084100,376892605839.1000
2021-01-28,5450.3695,5462.2352,5360.3766,5377.1427,17048558500,376166523177.5000
2021-01-29,5413.9684,5430.2015,5288.0955,5351.9646,18217878400,390287690019.0000
2021-02-01,5356.8535,5422.2990,5342.0458,5417.6484,16631370600,346859083730.0000
2021-02-02,5429.7032,5503.2145,5411.5173,5501.0915,16521056500,380016716111.9000
2021-02-03,5499.2961,5532.8864,5473.1237,5485.2008,18805431700,404343602637.7000
2021-02-04,5453.9764,5510.0535,5411.5749,5473.9475,18057565400,397995205379.9000
2021-02-05,5494.7011,5550.7714,5477.6517,5483.4140,18969959800,395400134490.0000
2021-02-08,5506.1423,5576.4908,5479.8529,5564.5618,16403377500,367582771658.8000
2021-02-09,5584.1650,5686.2502,5555.0537,5686.2502,16488726000,378769121171.9000
2021-02-10,5709.6840,5823.4219,5707.3295,5807.7191,17016978600,417056463360.9000
2021-02-18,5922.0714,5930.9122,5747.6631,5768.3814,21884868600,507481235977.7000
2021-02-19,5734.0193,5787.8871,5667.3209,5778.8420,21447578000,456433793702.1000
2021-02-22,5785.5097,5785.5097,5597.3327,5597.3327,28212438200,543633153216.5000
2021-02-23,5542.6841,5644.7551,5541.1092,5579.6681,23380772700,424904470814.2000
2021-02-24,5591.4795,5598.8284,5379.7278,5437.5683,22542861000,472369211004.2000
2021-02-25,5494.4706,5527.6296,5444.1646,5469.5584,23073602800,412206157140.7000
2021-02-26,5343.9041,5416.3197,5318.8579,5336.7609,21226454300,405717700127.9000
2021-03-01,5389.2499,5421.5550,5345.9449,5418.7837,17746352300,358146545967.0000
2021-03-02,5453.2847,5454.9687,5305.0545,5349.6301,19651111500,376444604695.3000
2021-03-03,5327.3467,5452.3960,5316.4809,5452.2125,19470905400,337610313596.0000
2021-03-04,5388.4785,5392.3725,5254.7771,5280.7058,21277521100,384382456961.0000
2021-03-05,5191.9699,5307.8203,5174.2458,5262.7958,20262795600,352539774294.9000
2021-03-08,5299.7907,5326.2602,5079.7984,5080.0246,23023163500,407133802141.7000
2021-03-09,5066.1546,5094.3110,4917.9090,4970.9994,23071100400,414415213806.0000
2021-03-10,5047.0589,5055.2785,4981.6161,5003.6121,16992849000,309577408714.9000
2021-03-11,5024.5586,5138.4146,5020.5784,5128.2156,18960076600,333859199678.6000
2021-03-12,5153.6740,5153.6740,5086.8234,5146.3786,20102058900,323237751413.4000
2021-03-15,5116.1228,5120.8757,4992.3989,5035.5441,20415308400,330740513807.9000
2021-03-16,5054.4089,5084.3085,5009.9510,5079.3624,16139005400,271755048563.6000
2021-03-17,5062.7706,5123.5452,5020.1255,5100.8581,14916237600,263492417709.0000
2021-03-18,5114.5872,5160.4566,5111.1294,5141.7681,14290151800,260930046844.7000
2021-03-19,5068.5319,5089.9175,4980.7609,5007.0907,16417484900,282974489237.2000
2021-03-22,5008.3953,5071.3378,4996.5410,5057.1520,16740263200,264209098943.0000
2021-03-23,5057.0632,5064.0200,4966.5340,5009.2459,15801396700,255755377659.6000
2021-03-24,4985.4013,5024.3274,4919.8932,4928.6853,15938598200,265970020152.0000
2021-03-25,4904.0683,4950.7608,4883.6615,4926.3469,13294518900,219782049461.7000
2021-03-26,4953.9453,5050.8292,4953.9453,5037.9899,14592669700,273901922431.0000
2021-03-29,5052.2634,5086.6543,5010.3902,5046.8773,14338821500,266176599970.5000
2021-03-30,5043.0952,5106.0365,5032.7950,5094.7291,13861856000,254928014461.3000
2021-03-31,5085.9497,5085.9497,5015.6070,5048.3607,14133574300,241058485554.4000
2021-04-01,5059.9359,5115.4286,5056.8718,5110.7768,12032489000,211493324391.1000
2021-04-02,5129.8545,5169.8312,5116.3472,5161.5569,12700225400,248060376224.1000
2021-04-06,5178.6401,5181.1490,5125.3301,5140.3418,10983421000,213852444065.4000
2021-04-07,5141.6556,5141.6556,5065.1932,5103.7428,14576374800,246271190296.5000
2021-04-08,5078.2627,5129.1318,5062.0725,5112.2086,14177104700,228422004674.7000
2021-04-09,5100.0422,5100.0422,5022.0926,5035.3374,12841650900,221519791677.6000
2021-04-12,5026.9791,5045.6018,4933.0126,4947.7459,15264431400,267218195772.7000
2021-04-13,4949.8074,4994.5404,4924.1979,4939.6438,13291935800,225753230649.0000
2021-04-14,4945.6857,4987.1191,4940.2686,4980.6279,12086083800,221036276090.0000
2021-04-15,4969.9099,4969.9099,4900.3033,4948.9741,10882938400,213820884103.5000
2021-04-16,4966.8999,4979.1731,4917.9596,4966.1811,11123992400,213389173713.5000
2021-04-19,4966.4090,5088.2106,4940.7473,5087.0165,15476982400,307899776737.5000
2021-04-20,5065.7757,5119.8586,5058.9247,5083.3654,13654170000,276640588159.1000
2021-04-21,5055.2398,5110.5623,5047.9916,5098.7449,12463727700,242574995256.0000
2021-04-22,5114.2799,5119.2246,5067.1382,5089.2435,12116764500,241488845756.1000
2021-04-23,5088.8263,5149.9825,5086.4914,5135.4534,12205699100,264345183118.9000
2021-04-26,5156.5941,5181.1066,5072.9585,5077.2372,15138196700,325760384278.3000
2021-04-27,5076.6415,5095.9842,5042.6099,5090.5195,12396183700,254738009833.6000
2021-04-28,5073.9728,5119.4455,5059.2628,5119.2421,12062031800,272182521893.2000
2021-04-29,5128.2795,5170.5852,5113.6484,5164.1692,14009248000,294112454366.3000
2021-04-30,5156.3557,5163.2517,5094.9285,5123.4890,16012162100,315075102884.9000
2021-05-06,5098.8006,5132.8986,5037.4083,5061.1244,15882263000,323258264641.5000
2021-05-07,5073.4554,5093.7471,4996.0370,4996.0527,17225832100,304638402155.0000
2021-05-10,5001.4371,5019.3927,4953.6965,4992.4220,17082058500,282656808853.4000
2021-05-11,4956.0794,5033.4938,4925.9152,5023.0595,15152649700,270931616512.9000
2021-05-12,5003.8171,5051.1682,4995.4048,5044.5481,12661908600,228344006493.0000
2021-05-13,4992.3519,5022.0836,4975.4462,4992.9738,13227940600,237821404345.3000
2021-05-14,5007.6286,5112.9838,4981.2948,5110.5901,15942618000,318802786822.9000
2021-05-17,5115.3063,5206.6947,5115.3063,5184.9853,15388963400,335439913424.1000
2021-05-18,5190.9345,5201.6721,5156.7924,5187.6013,11840426100,238182265921.9000
2021-05-19,5173.1666,5193.5574,5151.6392,5172.2720,11872998300,250736278155.8000
2021-05-20,5167.0546,5201.5935,5152.0358,5186.4120,13845477500,277088462047.3000
2021-05-21,5199.1285,5216.1615,5123.1171,5134.1483,12476848500,268053627530.6000
2021-05-24,5138.8149,5155.5875,5092.3894,5155.5875,12674233600,278513133226.0000
2021-05-25,5165.0361,5324.3609,5161.5238,5318.4780,18299683900,404683305641.1000
2021-05-26,5326.1169,5344.2837,5308.7389,5320.5927,16960709600,346444644792.8000
2021-05-27,5311.3726,5378.4764,5286.0500,5338.2329,14846285500,311893705935.1000
2021-05-28,5338.7278,5360.2774,5288.6515,5321.0886,16460580600,330711896344.2000
2021-05-31,5318.0825,5331.6294,5281.6851,5331.5696,14460326900,321450798233.5000
2021-06-01,5320.4745,5343.7529,5269.2590,5341.6798,14383147400,321845842153.4000
2021-06-02,5348.3440,5352.6404,5266.7852,5289.9736,13775431900,296176177153.5000
2021-06-03,5285.7098,5314.3691,5255.0719,5255.2855,14196887800,285448632488.9000
2021-06-04,5228.2761,5334.4899,5221.2291,5282.2772,14473208700,292326048775.5000
2021-06-07,5284.8907,5286.8424,5242.9481,5277.6271,12770497100,280463260583.2000
2021-06-08,5276.9711,5319.0406,5201.1404,5232.1165,13055953200,304042218266.2000
2021-06-09,5224.9496,5253.3555,5215.3506,5236.4493,12182032100,255075448703.0000
2021-06-10,5236.4691,5299.5299,5229.5182,5271.4661,13899196700,301454334609.8000
2021-06-11,5275.7456,5276.1039,5213.5991,5224.7030,18080717300,365363494541.8000
2021-06-15,5218.5648,5225.5021,5137.4090,5166.5597,14288005800,330616618621.5000
2021-06-16,5163.2493,5164.5192,5076.0222,5080.4909,12514798500,298286772933.4000
2021-06-17,5074.3839,5123.3651,5073.8211,5101.8924,12045251800,281927280723.3000
2021-06-18,5104.9297,5128.0309,5064.9208,5102.4657,14858580500,356697096115.9000
2021-06-21,5088.0893,5123.7827,5058.5699,5090.3854,13218451600,331527114639.0000
2021-06-22,5106.0743,5125.8186,5086.2776,5122.1583,13041675300,313690367125.4000
2021-06-23,5127.1910,5171.0330,5109.7571,5147.3938,13635605800,358765666329.7000
2021-06-24,5156.5638,5160.4346,5120.5844,5155.9738,12668562500,312607422609.3000
2021-06-25,5159.8017,5251.6076,5157.4758,5239.9684,15493106100,368265641241.1000
2021-06-28,5253.6081,5260.6372,5226.2201,5251.7604,13319378300,337452771675.6000
2021-06-29,5248.5249,5248.5249,5182.6771,5190.5445,12516299700,314896843024.3000
2021-06-30,5189.3797,5231.4262,5186.6250,5224.0410,10375267100,281015504940.5000
2021-07-01,5241.2039,5252.2642,5190.8762,5229.6642,12724062000,324097400267.5000
2021-07-02,5186.6613,5186.6613,5074.3621,5081.1172,13042642400,342578961248.3000
2021-07-05,5073.7787,5098.2305,5048.0040,5085.7924,13121158900,335197786629.8000
2021-07-06,5089.7780,5092.2066,5028.5058,5083.1043,14065522000,362828901848.9000
2021-07-07,5052.4204,5152.7711,5045.4056,5140.4899,14854906000,336731403375.7000
2021-07-08,5149.3095,5151.2171,5078.9295,5088.2566,17390100800,397879869879.7000
2021-07-09,5063.1480,5081.4086,5006.4115,5069.4361,16065322600,352845583768.9000
2021-07-12,5108.3783,5159.4115,5070.3188,5132.7088,20621203900,437203145943.3000
2021-07-13,5128.6138,5154.0508,5114.9430,5142.0991,16648220900,361328491653.3000
2021-07-14,5130.7522,5130.7522,5075.1252,5083.0849,18835272000,372568110291.6000
2021-07-15,5073.2634,5153.8056,5067.6767,5151.4626,18107710300,372484081122.6000
2021-07-16,5140.9040,5140.9040,5090.6321,5094.7727,16995598200,362594258079.0000
2021-07-19,5083.7276,5120.8235,5047.6234,5113.4945,15319958900,340322623792.1000
2021-07-20,5080.2158,5114.0033,5067.8619,5108.9941,12930004400,283543130755.2000
2021-07-21,5122.7843,5160.5447,5122.3046,5144.0428,16797646900,390275519305.4000
2021-07-22,5150.3859,5171.2096,5137.8795,5151.7517,18555686400,418221654806.0000
2021-07-23,5145.4308,5145.4308,5079.9973,5089.2282,21653684700,435521169695.0000
2021-07-26,5067.3072,5067.3072,4859.6031,4925.2990,22811171000,495153655116.7000
2021-07-27,4924.2816,4940.8600,4749.0327,4751.3130,23663122500,521146117041.1000
2021-07-28,4714.2948,4785.6567,4663.9009,4760.4826,19263439300,419706155162.8000
2021-07-29,4845.7603,4857.9709,4800.0125,4850.2746,17332205400,415676120877.6000
2021-07-30,4825.7002,4825.7002,4761.0376,4811.1695,18234977600,420943935061.8000
2021-08-02,4794.8192,4938.8154,4761.4593,4933.7360,22719491800,524659449295.5000
2021-08-03,4909.2325,4957.0291,4890.8495,4934.4583,20353336000,471194128401.9000
2021-08-04,4927.7358,4979.2911,4919.6569,4978.8479,17546646100,425801406611.8000
2021-08-05,4946.1668,4997.1397,4921.9382,4948.6703,16738182900,398772206808.2000
2021-08-06,4943.0427,4944.3486,4891.7968,4921.5647,15417968800,371773603785.1000
2021-08-09,4890.2573,5002.8944,4884.0392,4985.5627,18243687100,408897062935.4000
2021-08-10,4977.8164,5043.7608,4941.2399,5043.1480,16705190200,410098755610.3000
2021-08-11,5037.0819,5059.7887,5009.9782,5015.3406,18226607400,373386347207.4000
2021-08-12,4998.0733,5016.2628,4962.9850,4973.3509,16822373300,361828381964.4000
2021-08-13,4958.7577,4993.7432,4921.2812,4945.9829,15831432100,352459069035.5000
2021-08-16,4935.9229,4973.3761,4931.3691,4941.0676,16195337300,340735120174.7000
2021-08-17,4935.0044,4967.5648,4823.3923,4837.4034,18757347200,388457131504.0000
2021-08-18,4838.4706,4909.5409,4818.9013,4894.2384,19747437800,395792165759.8000
2021-08-19,4886.5640,4893.4670,4839.5681,4862.1394,20171171900,397424964846.0000
2021-08-20,4817.4937,4835.1530,4720.8257,4769.2678,17763581000,404938035667.4000
2021-08-23,4777.7347,4843.8193,4764.0089,4835.8782,16757909300,389599126282.0000
2021-08-24,4844.5925,4906.2036,4842.7476,4888.3902,19788316300,417481426158.2000
2021-08-25,4890.5211,4899.7651,4865.7646,4898.1572,18944801600,371868197458.6000
2021-08-26,4892.2044,4892.2044,4798.6954,4801.6094,19761738700,368987718505.9000
2021-08-27,4794.9740,4863.4692,4793.5908,4827.0433,18331021100,368421410281.2000
2021-08-30,4847.0348,4849.1598,4787.1999,4813.2703,21963575700,477182071719.8000
2021-08-31,4803.0854,4821.7564,4740.7524,4805.6099,23511865800,460805653996.0000
2021-09-01,4804.6863,4906.4024,4763.2992,4869.4587,32672108000,568819748405.8000
2021-09-02,4865.8218,4892.7049,4845.6246,4869.4113,26785801300,465954132797.1000
2021-09-03,4875.0656,4886.5477,4828.6991,4843.0624,26809189600,466430119699.6000
2021-09-06,4841.0623,4944.4497,4837.7859,4933.7262,24050724500,452756275291.9000
2021-09-07,4932.9759,5005.9606,4915.6119,4992.8294,24417851900,417759639120.9000
2021-09-08,4986.7953,5013.9764,4955.8876,4972.1324,26461531500,428591077708.1000
2021-09-09,4952.4924,4970.1470,4929.9501,4970.0133,25653021700,401675689275.8000
2021-09-10,4967.9759,5042.7994,4962.3707,5013.5219,28830435200,472762533239.2000
2021-09-13,5006.7748,5029.7237,4964.9599,4991.6598,24991529800,433329627421.1000
2021-09-14,4989.8348,5000.9772,4907.3159,4917.1617,24559040200,417245830782.2000
2021-09-15,4903.8471,4903.8471,4843.1158,4867.3187,18798473000,363256653878.3000
2021-09-16,4866.7936,4879.5306,4806.1442,4807.6978,21675209900,393517267165.6000
2021-09-17,4797.1129,4857.9580,4786.0876,4855.9402,20195812700,360397420086.7000
2021-09-22,4770.7323,4830.8496,4765.2301,4821.7675,19122037600,311952989432.1000
2021-09-23,4848.2223,4877.3359,4837.5571,4853.1957,22815106400,362140919563.0000
2021-09-24,4845.6380,4897.0596,4838.5352,4849.4277,20769329000,361849453197.3000
2021-09-27,4870.8482,4922.5626,4852.1997,4877.3698,21596703000,426083025417.5000
2021-09-28,4869.0845,4901.3114,4846.6306,4883.8280,17689088000,321272191534.0000
2021-09-29,4846.0212,4868.0678,4799.8770,4833.9281,18817136600,331841767748.9000
2021-09-30,4843.9531,4876.0728,4843.9531,4866.3826,14611389600,283254685232.2000
2021-10-08,4915.7305,4937.0918,4891.6249,4929.9409,16896807700,343635835306.4000
2021-10-11,4941.2918,4983.7294,4930.7132,4936.1918,16351162400,315186321382.1000
2021-10-12,4920.6596,4925.4883,4840.7700,4883.8369,16807933700,299424238601.1000
2021-10-13,4880.1440,4953.3749,4869.8307,4940.1089,13114281300,280044666628.4000
2021-10-14,4934.2575,4953.9231,4903.2498,4913.6123,11955701300,249151666554.2000
2021-10-15,4896.5578,4939.8153,4881.0136,4932.1084,14282200100,300728491201.2000
2021-10-18,4922.5137,4922.5137,4844.9383,4874.7753,14124519900,302539444437.0000
2021-10-19,4869.3907,4928.1433,4868.8106,4922.7232,13526649300,282928243806.8000
2021-10-20,4926.7727,4944.0216,4898.3651,4910.1846,14153318300,279747732455.1000
2021-10-21,4914.7378,4946.1764,4893.8525,4928.0156,14889815400,274802962494.9000
2021-10-22,4934.8698,4989.8870,4934.8698,4959.7254,14392622800,289252612199.9000
2021-10-25,4940.8962,4981.6499,4930.1120,4979.5235,14186149000,299408232157.6000
2021-10-26,4983.2383,5002.5746,4953.4787,4963.0984,14088894300,301786229740.4000
2021-10-27,4949.2269,4949.2269,4884.9418,4898.1644,14711159300,299460469414.7000
2021-10-28,4882.5858,4898.6576,4846.2779,4864.1380,15664947200,316631709566.3000
2021-10-29,4861.2667,4908.7701,4855.7593,4908.7701,15988735300,368731987310.2000
2021-11-01,4878.1276,4908.2056,4858.2485,4890.6851,17158397400,379730767559.0000
2021-11-02,4886.1849,4911.2266,4797.8990,4839.8457,18543768800,385731879817.5000
2021-11-03,4835.8093,4858.7133,4804.3657,4821.1119,14276382000,302269934656.2000
2021-11-04,4841.0912,4873.9394,4834.7433,4868.7419,13259297000,308688054573.6000
2021-11-05,4858.8999,4889.6835,4841.7442,4842.3458,14778935900,312070841453.0000
2021-11-08,4841.1527,4866.0822,4827.6892,4848.1795,13739826400,295893824000.4000
2021-11-09,4858.2525,4870.7905,4818.5386,4846.7444,11837552600,261645065376.2000
2021-11-10,4832.8006,4832.8006,4753.9959,4821.1925,13511817900,301058966270.5000
2021-11-11,4814.7655,4898.6529,4809.1109,4898.6529,16048486300,323624626069.0000
2021-11-12,4902.9289,4909.0839,4875.3492,4888.3749,13266296900,271773244503.0000
2021-11-15,4894.4119,4906.3301,4863.3960,4882.3777,12182314900,272997748910.2000
2021-11-16,4880.8964,4915.3717,4876.5004,4883.3206,12725440600,284094590893.0000
2021-11-17,4883.2481,4891.5232,4864.5198,4885.7544,10845922300,246177916948.6000
2021-11-18,4871.4216,4871.4216,4830.4123,4837.6185,11448056500,244484713797.1000
2021-11-19,4832.0595,4892.8093,4829.5665,4890.0575,12719831200,266280681863.6000
2021-11-22,4895.3875,4918.9957,4893.2732,4912.3990,13809283600,316148811480.0000
2021-11-23,4905.7587,4927.5211,4896.8781,4913.3457,15430441100,301022146081.1000
2021-11-24,4914.0266,4935.4885,4899.6112,4916.6579,13715067300,289707337708.6000
2021-11-25,4917.6055,4921.3333,4891.7280,4896.4416,11598403100,255450994352.1000
2021-11-26,4886.9516,4886.9516,4850.8114,4860.1265,12036897400,243041335647.2000
2021-11-29,4820.0053,4858.5322,4818.7058,4851.4230,13362686200,285995221656.8000
2021-11-30,4857.1830,4871.2528,4810.2192,4832.0260,12963059600,279268234018.0000
2021-12-01,4831.8885,4844.5242,4823.9254,4843.8510,12308678900,255968912362.1000
2021-12-02,4839.9137,4866.8505,4830.3228,4856.1630,14808852100,278051726155.7000
2021-12-03,4856.9802,4901.0175,4853.3505,4901.0175,14405962600,300052698342.0000
2021-12-06,4909.4292,4943.9032,4888.6927,4892.6209,17361568300,333405791014.9000
2021-12-07,4930.8261,4934.0973,4895.2178,4922.1015,17905346000,340617766237.8000
2021-12-08,4934.4056,4995.9298,4915.7898,4995.9298,15749055900,329064831238.9000
2021-12-09,5000.6871,5114.5012,4999.4097,5078.6901,22056877600,425680958779.1000
2021-12-10,5046.2677,5060.0554,5035.8087,5055.1172,19369515400,356917625379.5000
2021-12-13,5090.0207,5143.8410,5079.7276,5083.8007,21180159600,426376532477.1000
2021-12-14,5066.3497,5075.2138,5038.8583,5049.6953,15910779000,318685538073.5000
2021-12-15,5036.2840,5060.3680,5003.7776,5005.8991,15052975200,291072568760.8000
2021-12-16,5006.6105,5034.7321,4987.2247,5034.7321,14405386700,291474766866.2000
2021-12-17,5021.3385,5022.1067,4954.7592,4954.7599,14900539900,297943311186.6000
2021-12-20,4934.9662,4971.6727,4872.6846,4880.4178,16967569000,317536919390.0000
2021-12-21,4876.5141,4917.7994,4872.9491,4913.4853,14333989800,259023177322.6000
2021-12-22,4924.5771,4936.6731,4903.1652,4914.4544,13325674000,244642450513.7000
2021-12-23,4924.2912,4948.7389,4906.7473,4948.7389,13955540600,263359754800.7000
2021-12-24,4953.0616,4964.9064,4905.9785,4921.3449,14267332300,290483663506.4000
2021-12-27,4918.1462,4939.6890,4894.1598,4919.3238,12410095200,254421525172.7000
2021-12-28,4923.6917,4959.1448,4913.5983,4955.9644,13045775700,276316732181.2000
2021-12-29,4958.6455,4958.6455,4883.4804,4883.4804,11358700200,273225467112.2000
2021-12-30,4882.1561,4940.1780,4878.6478,4921.5109,12161717800,268022477311.8000
2021-12-31,4937.4630,4950.3639,4923.1392,4940.3733,12131373700,266975388723.2000
2022-01-04,4957.9835,4961.4527,4874.5337,4917.7653,15153477600,336516961627.0000
2022-01-05,4907.9347,4916.2822,4851.9835,4868.1202,17881610000,363944528847.9000
2022-01-06,4842.1560,4857.5596,4786.4330,4818.2318,15766582600,321750076549.2000
2022-01-07,4824.3181,4856.6522,4818.1931,4822.3689,18713941300,332218950735.0000
2022-01-10,4812.2300,4844.3928,4780.8191,4844.0451,15621169600,305033816783.5000
2022-01-11,4840.0087,4850.8790,4791.8854,4797.7735,14692800400,286445756033.7000
2022-01-12,4818.8902,4852.7314,4810.9190,4845.5787,14320020400,293153042845.2000
2022-01-13,4853.0314,4853.0632,4765.2416,4765.9191,14251965300,288799117043.3000
2022-01-14,4743.9124,4764.0522,4723.9428,4726.7317,14686312600,281828448517.4000
2022-01-17,4728.7595,4775.2385,4726.7083,4767.2762,11529569100,263788241676.0000
2022-01-18,4766.7811,4826.3003,4747.9200,4813.3472,15087080200,282749393138.7000
2022-01-19,4815.8106,4828.7522,4755.9301,4780.3784,13392736000,275534557468.5000
2022-01-20,4778.2616,4845.0048,4777.5683,4823.5091,16497131500,304344267970.5000
2022-01-21,4808.7733,4818.3052,4762.5641,4779.3142,13895258500,274699155293.8000
2022-01-24,4753.9413,4801.0976,4746.4479,4786.7377,11446388000,246261594852.9000
2022-01-25,4761.9500,4781.3908,4678.2472,4678.4511,13366758600,250555769168.0000
2022-01-26,4697.0991,4718.9946,4648.1283,4712.3109,10707084200,226553448356.8000
2022-01-27,4708.0989,4708.4364,4616.0273,4619.8765,12126380400,250535654824.4000
2022-01-28,4641.8137,4660.5190,4559.8331,4563.7720,12648011200,263967891828.3000
2022-02-07,4638.5754,4672.6535,4615.0052,4634.0899,14484972000,266031793985.3000
2022-02-08,4626.4365,4626.4365,4522.4709,4608.7729,15583070800,281364873762.5000
2022-02-09,4608.1491,4659.4611,4595.2826,4652.0609,14833554700,273771960506.0000
2022-02-10,4657.2107,4657.2107,4608.0905,4639.8625,15157666600,287224388085.6000
2022-02-11,4617.8741,4662.5963,4595.8751,4601.3953,15597458400,307938016714.5000
2022-02-14,4579.4202,4593.6324,4530.0566,4551.6878,14367389400,275737553466.7000
2022-02-15,4553.8112,4601.4530,4550.5430,4600.1025,11502560000,249977008675.0000
2022-02-16,4619.8458,4643.1003,4607.2178,4617.9893,10725895500,210190931035.5000
2022-02-17,4616.8955,4650.1591,4606.9522,4629.1649,11001464300,227946249306.5000
2022-02-18,4604.5669,4651.3415,4598.1003,4651.2358,10455022800,195825700477.9000
2022-02-21,4646.0522,4646.6724,4613.2971,4634.3141,11251651200,215039182297.2000
2022-02-22,4601.9184,4602.0660,4550.8040,4574.1527,12331723700,246872960668.1000
2022-02-23,4582.0064,4625.2979,4579.2945,4623.0465,12295291600,259050146194.4000
2022-02-24,4592.0690,4610.8792,4488.4763,4529.3189,18440305800,342346666856.5000
2022-02-25,4564.6321,4611.8602,4561.8964,4573.4247,14972258300,271727599672.0000
2022-02-28,4563.7427,4581.6459,4530.6764,4581.6459,13540697800,248363727482.7000
2022-03-01,4597.8550,4623.4312,4583.9170,4619.6862,12313922000,260431185063.7000
2022-03-02,4594.0170,4594.0170,4558.4416,4578.6007,11329832500,215299655365.1000
2022-03-03,4595.0249,4599.3973,4544.4313,4551.6283,13828587700,242701771996.2000
2022-03-04,4513.3636,4539.3925,4481.4927,4496.4301,12726680600,249970282271.0000
2022-03-07,4462.5174,4462.5174,4338.3042,4352.7775,16219770600,306898527658.4000
2022-03-08,4361.6424,4383.6467,4252.5386,4265.3910,16786327700,315176698370.9000
2022-03-09,4280.9789,4304.4820,4068.1930,4226.3463,19423290000,341009391865.7000
2022-03-10,4326.2035,4335.6731,4288.5078,4292.8374,14526638300,301636182195.2000
2022-03-11,4231.1961,4316.0440,4176.4522,4306.5217,15239992100,295008832432.0000
2022-03-14,4248.1526,4280.3609,4174.7577,4174.7577,13018723600,260691659460.8000
2022-03-15,4125.4866,4163.4176,3983.8120,3983.8120,20252469900,346988947367.8000
2022-03-16,4053.0990,4168.5853,3942.8610,4156.0810,19602198200,378883588290.3000
2022-03-17,4237.6722,4302.7426,4217.8038,4237.6956,17940734400,385039197285.7000
2022-03-18,4218.4736,4283.3679,4194.9402,4265.9017,14945830500,275791291072.6000
2022-03-21,4280.1397,4287.8166,4223.0240,4258.7459,12703636000,251214543321.0000
2022-03-22,4252.5658,4283.3344,4236.6888,4255.2950,12638247000,226213533984.5000
2022-03-23,4269.6088,4287.5771,4241.9570,4276.5174,11708907800,226390778403.3000
2022-03-24,4249.5328,4273.9568,4216.8506,4251.3061,10891827200,219594430540.4000
2022-03-25,4249.0731,4254.8449,4173.9300,4174.5742,10880804600,217013187264.8000
2022-03-28,4128.8379,4174.1206,4091.2978,4148.4663,11844902100,213468973997.5000
2022-03-29,4155.4182,4177.2134,4124.7179,4134.1441,10026697200,199463853668.2000
2022-03-30,4162.1666,4254.0989,4160.7351,4254.0989,13834602400,268869181171.3000
2022-03-31,4234.7159,4247.3602,4214.5352,4222.5968,13402918500,238877216805.6000
2022-04-01,4198.8191,4290.6710,4190.0835,4276.1580,13380305300,244758870755.2000
2022-04-06,4258.8325,4277.5238,4236.7283,4263.8411,15906219500,253690929897.9000
2022-04-07,4240.0237,4278.1127,4205.7430,4209.0998,13488035300,216996185503.7000
2022-04-08,4213.2107,4237.8126,4175.5287,4230.7669,14284379300,229081764759.3000
2022-04-11,4203.7902,4203.7902,4089.0934,4100.0703,14819707100,265224932471.5000
2022-04-12,4102.9711,4179.9727,4075.7960,4179.9727,14428568400,252830412756.4000
2022-04-13,4154.4121,4194.0374,4139.7370,4139.7370,12509748900,221281029559.7000
2022-04-14,4172.6443,4217.0612,4155.5509,4191.5684,12479131600,245993822040.5000
2022-04-15,4162.3718,4211.3174,4152.9740,4188.7472,12476226300,226229740275.2000
2022-04-18,4152.9306,4171.7427,4119.9941,4166.3844,11750461000,212855328186.8000
2022-04-19,4161.9328,4186.9389,4115.4184,4134.9017,11021747100,208570579128.8000
2022-04-20,4130.5427,4136.1661,4060.5044,4070.7889,11733165800,216536635695.2000
2022-04-21,4048.7338,4086.4393,3978.3669,3995.8300,13278382800,227026679682.4000
2022-04-22,3967.2016,4037.0840,3953.7217,4013.2498,12210181100,206371766715.6000
2022-04-25,3933.4459,3958.2102,3814.9127,3814.9127,16836450200,272889272275.2000
2022-04-26,3822.4887,3871.8498,3773.8986,3784.1198,15757761100,259626354225.4000
2022-04-27,3758.0835,3895.7310,3757.0859,3895.5361,17273404600,296924102939.0000
2022-04-28,3883.4196,3943.4349,3873.5781,3921.1073,15305658600,268502242452.9000
2022-04-29,3939.6238,4017.4281,3898.5701,4016.2410,17945837700,321414877428.2000
2022-05-05,3995.3533,4039.7000,3988.9312,4010.2102,15417071600,290538230662.9000
2022-05-06,3928.8548,3947.2378,3902.0510,3908.8150,12300555100,214825174047.3000
2022-05-09,3883.9514,3914.1116,3854.9353,3877.4364,9293669400,171756502863.8000
2022-05-10,3820.6278,3932.6823,3808.5699,3919.8684,13641691800,239060211932.9000
2022-05-11,3917.9322,4033.3026,3916.5249,3976.4231,16563225600,309294912796.8000
2022-05-12,3949.9490,3985.9268,3935.5886,3958.7400,11337606600,202029156415.1000
2022-05-13,3983.8201,4003.8539,3957.1392,3988.6002,10996835700,195727044922.1000
2022-05-16,4014.9955,4018.0283,3947.7461,3956.5378,11242529400,199717909541.0000
2022-05-17,3961.7605,4005.8934,3955.1018,4005.8934,10966145400,210117539690.9000
2022-05-18,4015.0134,4017.3410,3964.7503,3991.9069,10807423300,201800666052.1000
2022-05-19,3938.2964,3999.5984,3933.7452,3999.5984,11629342000,210206681641.5000
2022-05-20,4020.8162,4077.6016,4020.8162,4077.5998,14706917300,265609089942.6000
2022-05-23,4080.9694,4080.9694,4029.0846,4053.9823,13047781000,225981540919.1000
2022-05-24,4052.8675,4055.7830,3959.1541,3959.1541,14555433600,247713039712.6000
2022-05-25,3959.7672,3983.6236,3946.8083,3983.1784,10773401500,188700537391.3000
2022-05-26,3987.6815,4015.7468,3938.2389,3993.0446,12626368900,216987025401.0000
2022-05-27,4022.7095,4051.1428,3983.3838,4001.2988,11276933700,206944426227.2000
2022-05-30,4020.8584,4040.8190,4003.3768,4029.0179,11115224100,211144721615.5000
2022-05-31,4031.7621,4096.1971,4020.3781,4091.5176,13541551300,267770088726.0000
2022-06-01,4086.6177,4094.9008,4058.8468,4083.1772,11485087900,225416237873.3000
2022-06-02,4063.9996,4091.1520,4057.9135,4089.5682,11389363800,222657537906.0000
2022-06-06,4090.5286,4166.6151,4063.9057,4166.0850,16787101100,324075626903.1000
2022-06-07,4165.6899,4198.0863,4155.1683,4179.1285,14299288100,285733722332.6000
2022-06-08,4187.1483,4224.8096,4158.0329,4219.8122,15737405700,319480252836.5000
2022-06-09,4211.7225,4227.4484,4160.8814,4175.6747,16844915400,285172804211.6000
2022-06-10,4145.6505,4241.3541,4140.2203,4238.9936,18479621400,324091440663.3000
2022-06-13,4194.4574,4218.2327,4156.7146,4189.3527,16847562200,336585670508.0000
2022-06-14,4143.2232,4224.0857,4102.9290,4222.3114,17138590400,335418557931.6000
2022-06-15,4228.2926,4348.4226,4228.2926,4278.2178,25704659000,459766820664.8000
2022-06-16,4282.0827,4302.9212,4241.0750,4250.0614,18407441600,337235911542.4000
2022-06-17,4219.2339,4318.7655,4218.6817,4309.0444,15864909800,346675726828.8000
2022-06-20,4322.8324,4368.3555,4297.8912,4330.4328,16566638200,359569296859.8000
2022-06-21,4327.9159,4357.3396,4287.1406,4325.5657,16466761500,317163317740.3000
2022-06-22,4331.9020,4333.1827,4269.2456,4270.6227,15856585400,298656263311.3000
2022-06-23,4277.9555,4343.8781,4260.9002,4343.8781,17088236000,327144780543.7000
2022-06-24,4354.5530,4400.6852,4346.1221,4394.7723,16897219900,356054750521.5000
2022-06-27,4414.3321,4472.6948,4414.3321,4444.2639,17738567600,381432966327.9000
2022-06-28,4442.5811,4497.8949,4407.3519,4490.5166,17475648900,361685970663.6000
2022-06-29,4472.7346,4503.1307,4413.9961,4421.3570,18727668800,395926107698.5000
2022-06-30,4418.0656,4514.9968,4418.0656,4485.0108,15666628900,354343886760.3000
2022-07-01,4489.5204,4500.9853,4449.2914,4466.7179,14477959900,318492130199.6000
2022-07-04,4447.2159,4496.0338,4427.8232,4496.0303,14634565100,356968521261.0000
2022-07-05,4505.4572,4530.3245,4439.4511,4489.5383,15496241500,361891850839.3000
2022-07-06,4475.4815,4484.3615,4393.4165,4423.9698,14980023500,344672707728.0000
2022-07-07,4425.2814,4457.3431,4391.1938,4443.4736,13266090600,328133133656.5000
2022-07-08,4468.0627,4479.4937,4426.8856,4428.7810,12319573900,304031107302.5000
2022-07-11,4406.1476,4406.1476,4330.5819,4354.6167,13444857800,299195233430.3000
2022-07-12,4352.6456,4370.3411,4296.6215,4313.6184,13018783800,291072311850.2000
2022-07-13,4313.3589,4341.4663,4284.9419,4321.4617,13111317900,286075545406.5000
2022-07-14,4308.8229,4352.0978,4292.7595,4322.0742,14525092600,301569861036.8000
2022-07-15,4299.4714,4344.8572,4248.5273,4248.5273,15021445300,316793192669.9000
2022-07-18,4262.1539,4300.7777,4217.5064,4292.5858,12260119200,281055128639.5000
2022-07-19,4288.4441,4288.4441,4238.8238,4269.3401,10380573000,231117731807.1000
2022-07-20,4291.2808,4303.3668,4269.9717,4283.8027,9449014400,212301881407.6000
2022-07-21,4270.3624,4283.1471,4236.0499,4236.0578,11715634400,239228146811.6000
2022-07-22,4251.7867,4275.4696,4207.3135,4238.2341,10384062400,224295333457.3000
2022-07-25,4233.9277,4234.8448,4201.9190,4212.6441,8363666400,188136426672.8000
2022-07-26,4220.0911,4259.9854,4214.5343,4245.9758,8582327400,197601406373.7000
2022-07-27,4236.1540,4242.0951,4217.2809,4225.0357,7890494000,194245303807.0000
2022-07-28,4242.2743,4267.9181,4223.0290,4225.6733,10753193000,243871486472.0000
2022-07-29,4226.4245,4243.5143,4160.8735,4170.1019,11417928600,253198574647.5000
2022-08-01,4160.6478,4196.5743,4129.4528,4188.6784,10774902900,251125308597.5000
2022-08-02,4144.3765,4144.3765,4071.4310,4107.0240,14222442500,281013555279.9000
2022-08-03,4114.8251,4150.9804,4058.1792,4066.9754,11666612400,268695834765.4000
2022-08-04,4089.4419,4108.1591,4064.6594,4101.5367,8953264400,216898674902.2000
2022-08-05,4109.6287,4159.4850,4097.8625,4156.9111,10257100400,247325902015.1000
2022-08-08,4142.1111,4155.7301,4135.0809,4148.0746,9020813800,224080812054.7000
2022-08-09,4143.6660,4161.8086,4131.4252,4156.2907,8413695900,214223692260.1000
2022-08-10,4149.2071,4160.7871,4092.5455,4109.7373,8556583900,217447368470.0000
2022-08-11,4130.7410,4193.8115,4116.0558,4193.5428,12138505100,269630998406.8000
2022-08-12,4185.4203,4202.4663,4175.0501,4191.1520,10680829500,219208055254.9000
2022-08-15,4180.0006,4219.9183,4174.3000,4185.6794,10589849500,245539800985.4000
2022-08-16,4190.5269,4208.8006,4170.5197,4177.8370,9390613900,233818584731.5000
2022-08-17,4182.5668,4222.7866,4155.1734,4216.9586,11286465900,252044325051.7000
2022-08-18,4205.7851,4211.9141,4173.5410,4180.0996,10105265000,233115491389.8000
2022-08-19,4174.5458,4185.6579,4151.0738,4151.0738,11740297800,262494128152.3000
2022-08-22,4135.1623,4183.6498,4134.2008,4181.3965,11244272000,259747163698.2000
2022-08-23,4175.5314,4187.3875,4147.4127,4161.0823,10315351200,239101330833.1000
2022-08-24,4168.5764,4174.1565,4079.0934,4082.4195,11906967900,262844309316.1000
2022-08-25,4093.2949,4119.6196,4058.7454,4116.2396,11132074500,242149581477.5000
2022-08-26,4127.8142,4139.7879,4102.6818,4107.5455,9900049300,225519196800.4000
2022-08-29,4063.8825,4092.9474,4059.5963,4089.5205,9435443200,203086114712.3000
2022-08-30,4088.5262,4093.1356,4048.5244,4075.7937,9330166200,192649001277.8000
2022-08-31,4057.1443,4112.8485,4046.6225,4078.8402,13244976500,292974665546.2000
2022-09-01,4066.1869,4090.8852,4041.1281,4043.7395,9738707100,210898503453.9000
2022-09-02,4054.8423,4056.1805,4004.9110,4023.6131,8678927800,184468327005.7000
2022-09-05,4010.4052,4016.9986,3982.7395,4015.4264,9376710900,201118696559.4000
2022-09-06,4024.4726,4054.0040,4009.5826,4052.2802,11350626500,235921838118.4000
2022-09-07,4032.7231,4067.5437,4028.3740,4054.9830,10767805900,215147152182.0000
2022-09-08,4059.1689,4067.7580,4036.0226,4037.6839,10088604900,186889047980.8000
2022-09-09,4050.5853,4099.0081,4042.2498,4093.7874,11842711400,221442547204.1000
2022-09-13,4112.0123,4128.1113,4097.1408,4111.1145,11178973700,218521062135.8000
2022-09-14,4058.0441,4089.0583,4047.9187,4065.3590,9079368100,185484965110.5000
2022-09-15,4078.6495,4088.8078,3998.8564,4027.1186,12395119600,254367492776.0000
2022-09-16,4013.5829,4019.4104,3932.6826,3932.6826,13719365500,241251840050.3000
2022-09-19,3928.4239,3953.6494,3910.3106,3928.0001,9771957500,183574440581.8000
2022-09-20,3945.6467,3957.5538,3921.6884,3932.8361,8482413400,179248153537.9000
2022-09-21,3921.3177,3924.3914,3884.2268,3903.7348,8645839100,168939074342.6000
2022-09-22,3875.1771,3900.2736,3860.2308,3869.3440,8094691900,161134102784.4000
2022-09-23,3865.1049,3888.3958,3829.6913,3856.0212,9434246200,172904807364.4000
2022-09-26,3829.5958,3893.3186,3827.9498,3836.6773,10452603100,192906200253.8000
2022-09-27,3844.0692,3893.0283,3827.9265,3892.2950,8886016000,185955247353.4000
2022-09-28,3879.4398,3879.4398,3828.0545,3828.7098,8659221300,172438042788.2000
2022-09-29,3864.3160,3873.1823,3808.6496,3827.1434,8565414200,171635940007.5000
2022-09-30,3833.3504,3848.6018,3801.2798,3804.8853,7855996600,158692748773.3000
2022-10-10,3806.5596,3807.4574,3715.7142,3720.9365,10264759500,194635904094.3000
2022-10-11,3732.0191,3739.8084,3706.0629,3727.6867,8394462500,166800394853.2000
2022-10-12,3722.8659,3784.3064,3661.5255,3784.3064,10808931900,210931362291.5000
2022-10-13,3756.4176,3783.5960,3749.6393,3752.6729,9901891500,198368891548.5000
2022-10-14,3783.3160,3863.2265,3780.8415,3842.4698,11624229300,256551271975.0000
2022-10-17,3822.2428,3849.6207,3809.1196,3846.4119,10419201900,220488874406.8000
2022-10-18,3865.8258,3870.2155,3831.1723,3838.2667,8834690700,186556295765.5000
2022-10-19,3827.4658,3840.4870,3776.5335,3776.5335,8157484400,186736408229.7000
2022-10-20,3746.5793,3804.2468,3726.7925,3754.9269,9029089500,203781618922.2000
2022-10-21,3753.8903,3768.6895,3724.6900,3742.8929,9875003800,180686357677.0000
2022-10-24,3727.9150,3762.1580,3619.9876,3633.3733,13005686400,259450743134.0000
2022-10-25,3621.9356,3670.7327,3594.7011,3627.4542,11095388200,219302759596.7000
2022-10-26,3633.3107,3700.8797,3633.3107,3656.9027,12130154800,242453810571.9000
2022-10-27,3667.6645,3685.0837,3631.0639,3631.1448,11799867500,257473315676.0000
2022-10-28,3605.1598,3618.8640,3533.4993,3541.3295,11877216200,245816451977.6000
2022-10-31,3504.5070,3553.3871,3495.9509,3508.7034,13846565500,256574822102.2000
2022-11-01,3519.8174,3634.1732,3517.6209,3634.1732,14928669800,295089928407.3000
2022-11-02,3620.3693,3703.4650,3610.8029,3677.8051,14159291900,291648245712.0000
2022-11-03,3645.0604,3670.1574,3628.4987,3647.8966,11056603500,215379297964.4000
2022-11-04,3646.7709,3782.8823,3646.7709,3767.1746,14973494900,311145477555.0000
2022-11-07,3754.5227,3792.7942,3746.3715,3775.2971,12982637100,251195699936.5000
2022-11-08,3773.6612,3779.1156,3723.3415,3749.3251,9901645100,193351324896.7000
2022-11-09,3750.7821,3760.4068,3711.2680,3714.2704,8943452500,172029529943.6000
2022-11-10,3685.8274,3701.5306,3665.0585,3685.6885,10350930200,183155308702.9000
2022-11-11,3787.7568,3828.9004,3747.0902,3788.4387,18968558600,344471326267.1000
2022-11-14,3818.1447,3848.4116,3781.7778,3794.0171,16966504800,315536856084.6000
2022-11-15,3788.9260,3871.6424,3775.4988,3865.9726,15151565000,296268142768.9000
2022-11-16,3860.8110,3877.6781,3829.3126,3834.3899,12061096400,235844588244.6000
2022-11-17,3821.2709,3821.7419,3776.5739,3818.6640,10594063200,219540811334.9000
2022-11-18,3823.8207,3840.3018,3801.5686,3801.5686,11507877700,224276131007.5000
2022-11-21,3769.6270,3769.8731,3733.9954,3769.1269,9586696600,188230373665.4000
2022-11-22,3766.0817,3809.8582,3751.0448,3769.5727,14448633400,203490828432.2000
2022-11-23,3760.2157,3791.1782,3753.2136,3773.5287,14452791100,201070601177.9000
2022-11-24,3791.5399,3804.8987,3751.3818,3756.8082,10107344700,160698921546.2000
2022-11-25,3751.2822,3790.5660,3743.4138,3775.7764,14292971100,191711040706.5000
2022-11-28,3701.9020,3736.0813,3672.1306,3733.2424,12782574800,196305561705.9000
2022-11-29,3766.5702,3854.7742,3766.5702,3848.4224,17870139200,289062336430.7000
2022-11-30,3836.5598,3867.6591,3833.8272,3853.0365,15751140000,250051468093.3000
2022-12-01,3921.2954,3944.5645,3893.8718,3894.7687,16996458500,306678195716.4000
2022-12-02,3886.4034,3898.1146,3865.8844,3870.9478,11678635000,201253166362.9000
2022-12-05,3907.6375,3947.4760,3900.6742,3946.8759,20174722100,296615512326.6000
2022-12-06,3929.0063,3988.9007,3922.9969,3968.1979,15510832300,275583430840.8000
2022-12-07,3956.6722,3999.5864,3944.1831,3958.4409,14300135600,255490829027.1000
2022-12-08,3953.1990,3971.4927,3941.2966,3959.1798,11519998600,198037690481.4000
2022-12-09,3961.9919,4003.3178,3944.4396,3998.2442,15377495400,268166789656.9000
2022-12-12,3976.1722,3983.4332,3950.3203,3953.4433,12593536800,227606300936.9000
2022-12-13,3953.5482,3964.3957,3939.9795,3945.6813,10099410000,184020700110.0000
2022-12-14,3952.7885,3972.7381,3935.7668,3954.8857,9852800600,196175108617.2000
2022-12-15,3954.6720,3963.5002,3926.4997,3951.9885,8886472500,181994889123.4000
2022-12-16,3931.2318,3960.4705,3929.4873,3954.2270,9317856700,167488442588.9000
2022-12-19,3952.7707,3966.5679,3878.4367,3893.2207,10691907500,180801387702.4000
2022-12-20,3881.2257,3881.2729,3811.4759,3829.0173,8309682200,164046440873.7000
2022-12-21,3839.0009,3853.7272,3821.4037,3830.5384,6483921500,123450040359.8000
2022-12-22,3859.2041,3882.1263,3821.3418,3836.0280,8370517300,163970306950.9000
2022-12-23,3811.6164,3848.3436,3805.9487,3828.2188,6527814800,130559415565.7000
2022-12-26,3830.5682,3856.8066,3827.5186,3843.4887,7300571200,148692832422.1000
2022-12-27,3860.9054,3891.8497,3856.5800,3887.8540,7751535000,152032206630.9000
2022-12-28,3874.9132,3884.7205,3854.9406,3871.2644,8442465600,160671122030.7000
2022-12-29,3854.2363,3868.2933,3838.4803,3856.7007,7939481500,149011372437.3000
2022-12-30,3873.9358,3887.5527,3868.7569,3871.6338,7877327200,148295049381.5000
2023-01-03,3864.8356,3893.9904,3831.2450,3887.8992,11505187500,207540165953.2000
2023-01-04,3886.2504,3905.9032,3873.6549,3892.9477,11066074300,198997711686.0000
2023-01-05,3913.4928,3974.8750,3912.2600,3968.5782,11650239500,256312608292.0000
2023-01-06,3969.5493,4000.4143,3966.4696,3980.8888,11095303800,235744305582.2000
2023-01-09,3998.5278,4023.0898,3990.7073,4013.1196,11705442500,233212426458.1000
2023-01-10,4014.7125,4030.4574,4002.2297,4017.4737,10175114100,214871166239.5000
2023-01-11,4019.8844,4043.3991,4008.0153,4010.0309,9999788900,203000262960.6000
2023-01-12,4021.7547,4030.2876,4003.5079,4017.8692,9055262700,183686268106.8000
2023-01-13,4032.2906,4074.3772,4027.8864,4074.3772,9587189600,212173997498.4000
2023-01-16,4077.8793,4177.1035,4076.6394,4137.9643,15139545500,319007749371.3000
2023-01-17,4138.8433,4148.5838,4118.1570,4137.2422,9547904000,204381576523.4000
2023-01-18,4140.1019,4151.4577,4125.7687,4130.3143,8420064500,172126171819.2000
2023-01-19,4125.5772,4156.0077,4105.9797,4156.0077,9460839800,192699589774.1000
2023-01-20,4166.8444,4189.8310,4161.6698,4181.5267,12355380900,222342455100.7000
2023-01-30,4267.6248,4268.1522,4197.8596,4201.3450,16460706400,330193322092.2000
2023-01-31,4200.5813,4212.7347,4153.0484,4156.8578,12455083500,249365321627.1000
2023-02-01,4170.1322,4195.9332,4137.7659,4195.9332,14100895400,265553944709.3000
2023-02-02,4207.4123,4207.4123,4170.5565,4181.1493,13382373600,262497434837.0000
2023-02-03,4162.0258,4162.0258,4103.1654,4141.6319,11704122100,226914770043.9000
2023-02-06,4103.8307,4105.9445,4065.2224,4086.8779,11019271700,226345113968.7000
2023-02-07,4098.3117,4107.3438,4077.9623,4094.2335,9136007200,183537351577.1000
2023-02-08,4099.8573,4111.4745,4072.6474,4076.1411,8478609900,170591751817.3000
2023-02-09,4067.5631,4130.8565,4064.7489,4130.8565,10228996100,211722604859.2000
2023-02-10,4124.0986,4125.2893,4092.3472,4106.3097,9671673300,195348320573.4000
2023-02-13,4098.8795,4146.4500,4092.2729,4143.5740,12889257700,251990181553.9000
2023-02-14,4151.2470,4152.0487,4125.2583,4145.2902,10249989000,204915435749.9000
2023-02-15,4146.8547,4153.7159,4115.9671,4123.6893,12166450800,219855528966.4000
2023-02-16,4125.4087,4167.9003,4068.8591,4093.4876,15931058500,281315625588.6000
2023-02-17,4086.2237,4104.6398,4032.9285,4034.5070,11614258900,225737746955.0000
2023-02-20,4039.9623,4134.8623,4035.4762,4133.4896,16179448100,280122962150.4000
2023-02-21,4130.0632,4151.7994,4116.2716,4144.3536,14577617300,249674201048.2000
2023-02-22,4118.9669,4134.8759,4101.8596,4106.9506,10429029500,191586158991.2000
2023-02-23,4106.2136,4132.3896,4088.2073,4103.6463,10356490600,197193582430.1000
2023-02-24,4100.9897,4102.6094,4048.2374,4061.0457,10098942500,191210465053.2000
2023-02-27,4040.4571,4067.0296,4034.5237,4043.8444,9378763000,187959491145.3000
2023-02-28,4058.1298,4074.2639,4026.4476,4069.4587,11032359100,198799712379.1000
2023-03-01,4068.7331,4135.4812,4061.2167,4126.9415,15601579400,255374791015.7000
2023-03-02,4119.9919,4137.2525,4113.8264,4117.7377,14821763700,235953764969.5000
2023-03-03,4126.0183,4135.2116,4100.3827,4130.5513,16033174100,226914545628.4000
2023-03-06,4131.1525,4132.8367,4088.4484,4109.0102,16297180700,283079861971.5000
2023-03-07,4103.6419,4124.9609,4046.5679,4048.8519,19591206800,272491994009.2000
2023-03-08,4030.7387,4037.2870,4011.5231,4034.1077,11793649300,191659655190.9000
2023-03-09,4035.8433,4043.8493,4000.8901,4019.8505,11653962900,201737990686.8000
2023-03-10,3991.7959,4004.3612,3966.4280,3967.1352,12385540900,218286956131.0000
2023-03-13,3962.6426,4008.6860,3962.6426,4008.6860,14356137000,242865516757.6000
2023-03-14,3999.8803,4001.9415,3946.9405,3984.6956,15054417400,267224848810.5000
2023-03-15,4011.8444,4018.7495,3986.9020,3986.9020,14202600700,232101093978.6000
2023-03-16,3958.1962,3981.3210,3936.4758,3939.1505,15251564400,246264286428.0000
2023-03-17,3971.1585,4004.2153,3945.2501,3958.8194,17743381800,305541015556.1000
2023-03-20,3962.6625,3979.5485,3935.0161,3939.0770,20526497000,319760032638.0000
2023-03-21,3948.1573,3982.7047,3948.1573,3982.3782,14509067900,251631985016.9000
2023-03-22,3993.7849,4016.4495,3986.7093,3999.4427,14922897000,265180992104.1000
2023-03-23,3985.9928,4039.0895,3983.9986,4039.0895,15888742100,296479529467.0000
2023-03-24,4035.1564,4037.8417,4017.0028,4027.0457,15944233000,295785588943.1000
2023-03-27,4023.3028,4023.3028,3987.0297,4012.4771,16848227900,315474696948.0000
2023-03-28,4015.6973,4023.7834,3994.5999,3999.5147,13189511700,248736920971.8000
2023-03-29,4013.5926,4017.7572,3992.6662,4006.1440,13374351000,263866922733.1000
2023-03-30,4009.5573,4040.5023,3983.8958,4038.5257,14990103700,280004715991.0000
2023-03-31,4045.4538,4063.5675,4039.9587,4050.9257,13884254600,279863685781.0000
2023-04-03,4059.6227,4094.9376,4059.0607,4090.5676,18212431300,382895558426.0000
2023-04-04,4089.2932,4103.1583,4080.0682,4103.1052,19714663100,394443175146.2000
2023-04-06,4084.1320,4098.8332,4078.4048,4096.6400,15070337400,328981851588.3000
2023-04-07,4096.9009,4131.3126,4092.1848,4123.2799,12867673800,286567771883.1000
2023-04-10,4132.0096,4132.2952,4099.0519,4104.8118,15245300200,340822557207.6000
2023-04-11,4108.5062,4116.1247,4083.4946,4100.1479,15390133300,324192951998.7000
2023-04-12,4102.3968,4108.2451,4090.2784,4097.2876,16596527800,325425226403.2000
2023-04-13,4081.3871,4088.8809,4059.5744,4068.9786,15644429500,300291020752.9000
2023-04-14,4078.9703,4098.2151,4075.2049,4091.9988,15069568200,306201501438.7000
2023-04-17,4090.0719,4149.3836,4089.5090,4149.3836,18877309500,341831272792.7000
2023-04-18,4139.3088,4169.6678,4138.4618,4162.0320,17018413000,331545662315.6000
2023-04-19,4159.3938,4159.3938,4118.6261,4124.5589,16255459200,312219504522.6000
2023-04-20,4122.9461,4125.8231,4094.0022,4113.0192,16270667700,332172409512.0000
2023-04-21,4114.2642,4114.2642,4031.9123,4032.5672,18080243500,347852011602.5000
2023-04-24,4031.3030,4033.6367,3967.9070,3982.6429,17009921700,328375614674.3000
2023-04-25,3985.1055,3991.6868,3925.4360,3962.6658,17255540900,331110619767.7000
2023-04-26,3950.2553,3975.6562,3934.6625,3959.2323,16270200600,322062811333.5000
2023-04-27,3948.0313,3999.1302,3942.8152,3988.4185,15382819500,304804002557.4000
2023-04-28,3993.2561,4030.4469,3993.2561,4029.0858,17950848800,328936294025.2000
2023-05-04,4013.4713,4035.7832,4001.1259,4030.2471,22758284600,345492506049.3000
2023-05-05,4031.0946,4047.6015,3998.3920,4016.8774,20662692400,307694489937.0000
2023-05-08,4028.1056,4070.7724,4018.9608,4062.6624,25558308500,359539954170.1000
2023-05-09,4065.4390,4092.8501,4026.3886,4027.8754,27930604800,396422120420.6000
2023-05-10,4017.9358,4019.0587,3984.6287,3996.8695,20755270900,309484851741.1000
2023-05-11,4005.7823,4018.0579,3988.4816,3990.6637,14480461900,241052071431.6000
2023-05-12,3987.7690,3999.3831,3937.5274,3937.7622,14442172800,228992923388.1000
2023-05-15,3938.8300,3998.8872,3923.0317,3998.8872,17625736200,279531163508.4000
2023-05-16,4002.5237,4005.0150,3966.9921,3978.2054,13683327100,234840652671.0000
2023-05-17,3971.7017,3982.6044,3945.7137,3960.1650,11844818500,205195685976.4000
2023-05-18,3965.5162,3982.7178,3939.5526,3956.0701,13653394700,229134184412.9000
2023-05-19,3946.2215,3967.2816,3928.3160,3944.5403,12021247900,207094944781.3000
2023-05-22,3941.0015,3985.4031,3935.8015,3969.3277,10911660500,202185550245.9000
2023-05-23,3968.2346,3971.9390,3913.1882,3913.1882,11868507700,189955815340.0000
2023-05-24,3903.7818,3903.7818,3859.0935,3859.0935,13725826500,211768410520.2000
2023-05-25,3851.4053,3861.3815,3817.8365,3850.4996,12415077000,213313620055.3000
2023-05-26,3848.4174,3859.6291,3815.5701,3850.9511,10032643900,191537814872.5000
2023-05-29,3862.0838,3866.7238,3819.1822,3833.9416,13185996700,230095604813.4000
2023-05-30,3827.7924,3844.0052,3789.2736,3837.7531,13761962900,244566265534.9000
2023-05-31,3827.1634,3827.1634,3781.4034,3798.5434,12638736800,235606123947.6000
2023-06-01,3788.5902,3832.2051,3786.7344,3806.8679,13456188100,241829546409.4000
2023-06-02,3821.6198,3865.2843,3821.6198,3861.8337,12501511000,232696547130.8000
2023-06-05,3860.5557,3860.5557,3832.4578,3844.2492,11616398900,211144360143.7000
2023-06-06,3840.4587,3867.8452,3802.8449,3808.1629,12578125800,222091722592.2000
2023-06-07,3815.4823,3823.1124,3780.1021,3789.3418,9886243200,189879792179.6000
2023-06-08,3791.0826,3834.3888,3777.7752,3820.1867,11870093400,199119300649.7000
2023-06-09,3822.4088,3836.7026,3811.2189,3836.7026,13431986300,247296087070.9000
2023-06-12,3827.3253,3859.7156,3813.8577,3844.4324,12675854300,240791270473.5000
2023-06-13,3838.1287,3867.3034,3833.4598,3864.9074,11092494600,225435215314.9000
2023-06-14,3872.7155,3891.6656,3862.0609,3864.0247,12495575900,243932581183.9000
2023-06-15,3871.7746,3925.4994,3871.7746,3925.4994,12836993800,282635910894.2000
2023-06-16,3932.2114,3968.0128,3928.5419,3963.3509,13976007600,280374762837.8000
2023-06-19,3957.0327,3957.0327,3922.4742,3930.9079,13490584800,268213068579.8000
2023-06-20,3926.0940,3937.4945,3918.4730,3924.2377,12252031800,266274081286.8000
2023-06-21,3909.1044,3920.1276,3864.0323,3864.0323,11834657500,243630705591.5000
2023-06-26,3833.4436,3841.2862,3801.0537,3809.6962,13399041900,247713845779.5000
2023-06-27,3811.6872,3851.8957,3806.3242,3845.4334,11699268100,210097713687.6000
2023-06-28,3836.6086,3846.8516,3808.1607,3840.7986,10702154100,206187959876.8000
2023-06-29,3836.7305,3840.7132,3817.3759,3821.8435,9828927400,204110031407.8000
2023-06-30,3816.3345,3860.0311,3813.5520,3842.4516,10126842900,208146272909.0000
2023-07-03,3853.2919,3897.3273,3853.2919,3892.8821,13315805100,256876520211.7000
2023-07-04,3888.0328,3899.9755,3878.3978,3899.0133,10949452700,216335611421.8000
2023-07-05,3895.1945,3899.5188,3864.1301,3868.8054,9763638400,188400265050.6000
2023-07-06,3857.0304,3876.8901,3836.4573,3842.7547,10012184200,184742420862.3000
2023-07-07,3831.5955,3844.8438,3819.0772,3825.6988,10090692000,173918560673.0000
2023-07-10,3841.5591,3865.4566,3831.9200,3844.3269,9203344100,185360813110.7000
2023-07-11,3853.7955,3870.6549,3844.5244,3869.4861,8651071600,177585694368.3000
2023-07-12,3864.6013,3874.0403,3838.5632,3843.4369,11152202400,214046519056.1000
2023-07-13,3855.6620,3901.1023,3855.6620,3898.4229,12030023200,235278706834.5000
2023-07-14,3904.6033,3908.4871,3893.7862,3899.1027,12236484600,220230466522.9000
2023-07-17,3881.6225,3881.6225,3852.2626,3867.1749,9834014400,174623552807.4000
2023-07-18,3871.0444,3871.0444,3844.5129,3854.9393,9143861500,167104315117.1000
2023-07-19,3848.4826,3860.0092,3830.4073,3850.8663,7958570000,151311481029.8000
2023-07-20,3857.7725,3875.6241,3818.7134,3823.6946,9204207600,174320872139.8000
2023-07-21,3816.9835,3849.5109,3808.8030,3821.9100,7950756300,157144211209.3000
2023-07-24,3803.3492,3828.7853,3798.8048,3805.2210,7548354500,151448369566.2000
2023-07-25,3866.6445,3915.8148,3866.6445,3915.1153,16306632000,299853562168.1000
2023-07-26,3908.1740,3912.9834,3893.3987,3907.0128,10788171700,192912604792.0000
2023-07-27,3914.2298,3935.3578,3894.6923,3902.3458,11066710900,196845425513.0000
2023-07-28,3889.7929,4000.9190,3886.5535,3992.7376,17973548100,310092467404.5000
2023-07-31,4018.8895,4064.3621,4002.0784,4014.6301,19960683000,366544120003.6000
2023-08-01,4009.1831,4031.7008,3983.0273,3998.0010,14228685900,255620773637.6000
2023-08-02,3985.6951,4008.3343,3958.5127,3969.8950,12585569000,204875690923.8000
2023-08-03,3962.1296,4004.9996,3962.1296,4004.9839,12900664000,224809824820.3000
2023-08-04,4033.7239,4058.2431,4011.6202,4020.5792,17826718900,316529733837.7000
2023-08-07,4002.9677,4002.9677,3977.0173,3990.1531,12131066200,227090572750.9000
2023-08-08,3980.0423,4002.2904,3963.4632,3979.7322,10987169900,202611335313.8000
2023-08-09,3967.3566,3982.1091,3961.8434,3967.5652,9464026900,174394242765.3000
2023-08-10,3962.8569,3976.4637,3945.3869,3975.7166,9717684900,175646730198.2000
2023-08-11,3977.9834,3977.9834,3884.2538,3884.2538,12608293100,203546314647.4000
2023-08-14,3840.8872,3859.4718,3814.0711,3855.9061,11596633600,197623765246.4000
2023-08-15,3858.3662,3865.2840,3811.6839,3846.5357,10309711100,177437071692.5000
2023-08-16,3830.8274,3852.4198,3817.6324,3818.3338,9461694600,169323869027.6000
2023-08-17,3801.1969,3836.1507,3782.4967,3831.1008,9841549300,174093848242.9000
2023-08-18,3832.4554,3844.1950,3784.0038,3784.0038,9554963800,168445686988.2000
2023-08-21,3773.2250,3782.1112,3729.5550,3729.5550,9870836900,173379942906.6000
2023-08-22,3748.0675,3770.0556,3704.6785,3758.2271,12031832700,203463879671.8000
2023-08-23,3751.7736,3756.1659,3695.0309,3696.6339,9708163800,160476231586.9000
2023-08-24,3711.5403,3748.8567,3701.5717,3723.4293,11961452100,196257391083.7000
2023-08-25,3703.5136,3734.2185,3695.8442,3709.1517,10518261000,175601437172.9000
2023-08-28,3911.5485,3911.5485,3740.5279,3752.6194,19799037900,335047670966.8000
2023-08-29,3743.0534,3810.3772,3742.0758,3790.1067,15248614600,262134936751.0000
2023-08-30,3803.1191,3813.7032,3780.2411,3788.5097,12967166100,226727480838.7000
2023-08-31,3786.9261,3793.9972,3762.0046,3765.2678,11896164600,193577001342.0000
2023-09-01,3778.9129,3808.5306,3778.9129,3791.4912,10531904500,172219141586.1000
2023-09-04,3812.9873,3854.2605,3804.5886,3848.9517,14238520100,237934727924.3000
2023-09-05,3839.5779,3839.5779,3814.3338,3820.3174,10405233300,181377877955.3000
2023-09-06,3808.1000,3817.5239,3790.8949,3812.0283,9344239300,166081524007.0000
2023-09-07,3802.2272,3802.2272,3756.8530,3758.4748,9510390300,164405748827.5000
2023-09-08,3747.6509,3753.2630,3724.9870,3739.9927,7163816600,129197657303.1000
2023-09-11,3740.5846,3788.3219,3734.7228,3767.5370,10535801600,186871759441.3000
2023-09-12,3764.3331,3775.0930,3755.4162,3760.6048,7938537800,140117510233.3000
2023-09-13,3759.6091,3768.8162,3719.1114,3736.6513,8157690100,138238089912.5000
2023-09-14,3736.9355,3748.8177,3717.3107,3733.5077,10038607500,151578100463.9000
2023-09-15,3740.7853,3749.0247,3699.3806,3708.7766,10939568900,180398970938.3000
2023-09-18,3698.9344,3737.5306,3691.1107,3727.7110,8672774100,156966973910.5000
2023-09-19,3723.4244,3724.0717,3702.6934,3720.5021,8319903800,135216895229.4000
2023-09-20,3715.9578,3718.5207,3705.1274,3705.6898,7544820900,117691805957.0000
2023-09-21,3698.3130,3708.4557,3672.4448,3672.4448,8303100500,135011796555.2000
2023-09-22,3672.6402,3740.4183,3664.7661,3738.9327,11023116600,192236467362.8000
2023-09-25,3738.0622,3738.0622,3711.2049,3714.6037,9259647900,155793827361.5000
2023-09-26,3711.7106,3723.8481,3692.6172,3692.8928,7804452500,137808437774.8000
2023-09-27,3694.9607,3731.1405,3694.3938,3700.4950,9162921000,164790435265.8000
2023-09-28,3711.2117,3716.0569,3685.3001,3689.5172,8522171900,153500421344.0000
2023-10-09,3678.9290,3694.1713,3641.9966,3684.7272,10214805800,178072374748.1000
2023-10-10,3696.2542,3701.2562,3655.5890,3657.1259,9916373000,161938958924.8000
2023-10-11,3674.7514,3689.5347,3658.3550,3667.5483,10209158700,187667554127.0000
2023-10-12,3697.9337,3711.4985,3682.8418,3702.3824,11436322500,194598219817.3000
2023-10-13,3677.9585,3678.1913,3652.3094,3663.4104,9828798700,170152309003.0000
2023-10-16,3664.0390,3664.0390,3615.7686,3626.5972,9185311800,159537973598.4000
2023-10-17,3635.2994,3645.5654,3619.1277,3639.4018,9074518800,147056233347.4000
2023-10-18,3631.0671,3632.0579,3608.9768,3610.5767,9454587900,158982356667.4000
2023-10-19,3588.5154,3588.5154,3532.3059,3533.5445,11173752000,189194781843.9000
2023-10-20,3518.3464,3535.6623,3501.7250,3510.5889,9851860500,169591289145.3000
2023-10-23,3500.1990,3505.3468,3450.6456,3474.2438,9656165200,152054894179.0000
2023-10-24,3481.7644,3495.0039,3453.1016,3487.1302,11554728900,186529203442.0000
2023-10-25,3524.2965,3531.8314,3500.9154,3504.4576,12800961700,203691741119.2000
2023-10-26,3484.7807,3515.5716,3478.0503,3514.1448,10514356600,176088467225.8000
2023-10-27,3501.1710,3576.5861,3494.5488,3562.3851,12022510800,224301960437.0000
2023-10-30,3554.1055,3592.7188,3554.0238,3583.7718,14401042600,242973328094.4000
2023-10-31,3581.6759,3581.6759,3554.5822,3572.5056,11258726700,196317658324.1000
2023-11-01,3605.7576,3606.4126,3564.6421,3571.0268,9764553800,182943566435.3000
2023-11-02,3580.0672,3597.1699,3553.7406,3554.1889,9035964300,149465055433.9000
2023-11-03,3558.5303,3596.1010,3558.5303,3584.1364,9754210100,165865989200.0000
2023-11-06,3608.3187,3635.7897,3600.6304,3632.6084,15298246300,254465948110.4000
2023-11-07,3623.7849,3628.4615,3606.2975,3619.7593,11028859100,190433605311.0000
2023-11-08,3610.6434,3627.0479,3591.8248,3611.0723,11059423000,192594372352.5000
2023-11-09,3603.1082,3624.4141,3601.3744,3612.8263,11187205700,189355228591.7000
2023-11-10,3596.0688,3599.4519,3576.1011,3586.4893,10210703400,166924677328.0000
2023-11-13,3593.9109,3599.3897,3562.7682,3579.4141,9670764900,164821249625.0000
2023-11-14,3581.1034,3600.1483,3568.8820,3582.0584,10088415800,165935163426.0000
2023-11-15,3616.8765,3620.6007,3596.9158,3607.2454,10492921800,188932150501.0000
2023-11-16,3600.9813,3605.2898,3572.3636,3572.3641,8746478000,146629217157.8000
2023-11-17,3561.3112,3573.6819,3547.0287,3568.0685,8731920700,139621898705.2000
2023-11-20,3569.7314,3586.9731,3545.1038,3576.3233,9108044500,157449634694.0000
2023-11-21,3587.8779,3615.0569,3575.6820,3581.0674,10859431400,175922105929.9000
2023-11-22,3569.4389,3574.3782,3544.4162,3544.4162,8478438100,136041195538.9000
2023-11-23,3541.4416,3562.0675,3529.9390,3561.5204,8480016700,141499811491.0000
2023-11-24,3560.6462,3560.6462,3533.9955,3538.0087,8501840300,140101998555.3000
2023-11-27,3534.4445,3534.4445,3492.8623,3511.9424,9910231400,155975437035.7000
2023-11-28,3510.6554,3521.0463,3501.1093,3518.5232,8933578900,147740535862.4000
2023-11-29,3518.8836,3519.1980,3482.2444,3488.3073,9884141200,155948235975.9000
2023-11-30,3485.5171,3505.1273,3481.4515,3496.2028,10135082000,153790180653.3000
2023-12-01,3494.2234,3494.2234,3452.1728,3482.8813,10853094100,176078323469.4000
2023-12-04,3481.0449,3488.1330,3459.6110,3460.1380,9715682600,164664395292.9000
2023-12-05,3450.0898,3450.0898,3393.8139,3394.2571,10047200700,164840691112.1000
2023-12-06,3387.8798,3420.2773,3382.9457,3399.5980,10580551900,172142987724.9000
2023-12-07,3394.3064,3404.4074,3369.7675,3391.2823,9771324800,160949948197.3000
2023-12-08,3391.8585,3409.3845,3383.4479,3399.4618,12952205400,203034222561.1000
2023-12-11,3378.0517,3426.6106,3346.8902,3419.4548,13962624900,219761181423.1000
2023-12-12,3409.9976,3427.5456,3406.1013,3426.8030,10559001300,166979964779.7000
2023-12-13,3418.6413,3418.6413,3369.6050,3369.6050,9528536700,165455928375.6000
2023-12-14,3387.3847,3399.1394,3350.7648,3351.9639,8365513500,150245775736.4000
2023-12-15,3365.9388,3388.5047,3339.5190,3341.5517,9778778300,164907019372.1000
2023-12-18,3329.1910,3352.3458,3314.9095,3329.3657,9052682600,142303319418.9000
2023-12-19,3325.6596,3345.7795,3313.1874,3334.0412,8380811800,135293655396.1000
2023-12-20,3334.3320,3338.5434,3297.3652,3297.5022,9241286800,141290542802.3000
2023-12-21,3285.6049,3339.3552,3283.9883,3330.8698,10254619800,171120780579.5000
2023-12-22,3329.4668,3359.0601,3315.8976,3337.2281,10522013300,167336342309.2000
2023-12-25,3330.3333,3348.8820,3330.3333,3347.4508,7454269300,121838327071.1000
2023-12-26,3345.3952,3345.4171,3315.9370,3324.7902,7473293500,121689997434.6000
2023-12-27,3326.9267,3341.2659,3309.6731,3336.3572,9440392800,140924923674.8000
2023-12-28,3335.5572,3423.4018,3331.2082,3414.5403,14806485100,245855634464.3000
2023-12-29,3411.1094,3432.5412,3409.5795,3431.1099,11492893200,193573180515.1000
2024-01-02,3426.2684,3426.2684,3386.3522,3386.3522,11618072600,184096097448.7000
2024-01-03,3379.7501,3392.8504,3362.6617,3378.2971,10561385100,165099018642.5000
2024-01-04,3375.0207,3375.0207,3323.8647,3347.0519,10672101300,165512262698.6000
2024-01-05,3341.3061,3372.5444,3313.5542,3329.1114,12640057400,182251664948.1000
2024-01-08,3322.6051,3333.5160,3283.3421,3286.0564,11742948500,170761644873.4000
2024-01-09,3286.7083,3304.6008,3273.8431,3292.4994,10933046500,172276323045.2000
2024-01-10,3281.6692,3312.9161,3268.2471,3277.1290,9419936600,159777649838.1000
2024-01-11,3275.3086,3311.1137,3266.7911,3295.6717,10878973500,180978533555.5000
2024-01-12,3284.3580,3310.4704,3279.6987,3284.1667,9685355500,156536022291.9000
2024-01-15,3270.1029,3306.9217,3261.2687,3280.9195,8885153000,144331722430.6000
2024-01-16,3272.5710,3300.8762,3260.4362,3300.8762,11327666500,175650587488.9000
2024-01-17,3291.1392,3291.1392,3229.0820,3229.0820,10876972800,173516385174.7000
2024-01-18,3214.2844,3279.2538,3171.6329,3274.7286,17490916800,256784536828.0000
2024-01-19,3261.2393,3286.9415,3251.8136,3269.7763,11850140800,191261807098.8000
2024-01-22,3262.4685,3281.4205,3193.1776,3218.9016,14870562800,225510031844.3000
2024-01-23,3208.4316,3249.5306,3188.1259,3231.9329,12201200000,193791168624.2000
2024-01-24,3245.9592,3281.4892,3190.4674,3277.1089,15437195400,219036341624.5000
2024-01-25,3274.3391,3344.2426,3269.7943,3342.9189,19683361400,265521114954.3000
2024-01-26,3326.6465,3351.9692,3315.1265,3333.8213,18066400500,238144899501.0000
2024-01-29,3335.3936,3351.3715,3303.9604,3303.9604,18416479500,244698013593.3000
2024-01-30,3283.8977,3300.2040,3244.9719,3245.0387,14364935000,199592929911.7000
2024-01-31,3231.5425,3252.1475,3201.9264,3215.3518,15314346900,215333349921.2000
2024-02-01,3202.2564,3251.7582,3191.8968,3217.7109,14551679200,203815063232.5000
2024-02-02,3219.8734,3235.4079,3108.3515,3179.6276,17375808900,234495151557.0000
2024-02-05,3164.2500,3233.8485,3111.5184,3200.4218,20304297000,279713141507.2000
2024-02-06,3185.2498,3314.5120,3182.8216,3311.6922,20271309900,285042020945.9000
2024-02-07,3314.0306,3343.6303,3289.6704,3343.6303,21664793300,297997664575.2000
2024-02-08,3351.4052,3367.2101,3336.9779,3364.9297,18997757800,270239765211.0000
2024-02-19,3393.1916,3403.8078,3364.1418,3403.8078,18331980000,267674145147.3000
2024-02-20,3395.1916,3415.8943,3380.1030,3410.8542,14073458100,218459281946.0000
2024-02-21,3390.3619,3500.1338,3383.6911,3456.8713,18887936200,291823544608.2000
2024-02-22,3450.3518,3486.6826,3448.4135,3486.6747,14102078400,225098128872.7000
2024-02-23,3491.3367,3507.5592,3472.9680,3489.7416,14482127300,232926057113.9000
2024-02-26,3485.5427,3492.6061,3445.3889,3453.3585,15124833100,238951637715.0000
2024-02-27,3440.0516,3494.7874,3437.4422,3494.7874,13952824600,244488721250.8000
2024-02-28,3499.8257,3521.6574,3450.2598,3450.2598,18983754800,328300591256.4000
2024-02-29,3437.8984,3516.0826,3437.8984,3516.0826,15594453200,281971899288.2000
2024-03-01,3515.0587,3544.3595,3503.4590,3537.8038,16270957000,288575619224.5000
2024-03-04,3538.3660,3548.6901,3519.7599,3540.8686,16324461300,297719931809.3000
2024-03-05,3524.9644,3570.6935,3519.0816,3565.5143,16642238900,299895929709.1000
2024-03-06,3556.5323,3577.3883,3545.1013,3551.0481,14307661300,248294165707.4000
2024-03-07,3548.1007,3569.9185,3522.8964,3529.7195,14811051000,251839533036.1000
2024-03-08,3529.5509,3548.5055,3511.5770,3544.9099,12579266400,225379101014.0000
2024-03-11,3545.9427,3589.2635,3542.2789,3589.2635,14820282500,286418582154.6000
2024-03-12,3592.5826,3605.6976,3574.2117,3597.4939,18068556000,339997042337.1000
2024-03-13,3594.4211,3594.4211,3563.3685,3572.3610,14459059000,266898756379.8000
2024-03-14,3571.7885,3597.4600,3545.6120,3562.2229,14096272200,263803609335.2000
2024-03-15,3554.9068,3572.8091,3533.6798,3569.9930,13831604400,243991558366.2000
2024-03-18,3577.0564,3604.0519,3573.4040,3603.5280,16037943800,295314840611.0000
2024-03-19,3593.3396,3610.7389,3577.1880,3577.6303,14557178600,259553448413.4000
2024-03-20,3568.7158,3589.5456,3568.4341,3585.3838,12952896600,223752103886.2000
2024-03-21,3593.0700,3601.1145,3575.0331,3581.0902,13074337700,233162492629.6000
2024-03-22,3571.2736,3575.7171,3522.8404,3545.0023,13922735800,248850931022.2000
2024-03-25,3536.7136,3564.9604,3525.7634,3525.7634,13701572400,233747256235.1000
2024-03-26,3526.6818,3547.6461,3518.6018,3543.7467,12620953500,226730734844.1000
2024-03-27,3538.7244,3542.9624,3502.7866,3502.7866,12862676300,216404726565.9000
2024-03-28,3498.4820,3551.2143,3489.3861,3520.9648,14333471700,232530806334.5000
2024-03-29,3516.8830,3538.2378,3516.8830,3537.4843,12864329000,201749384356.7000
2024-04-01,3551.5815,3600.9193,3551.5815,3595.6466,16277656100,251637272845.1000
2024-04-02,3593.2206,3596.1903,3568.7539,3580.6759,14127297200,220207515542.9000
2024-04-03,3578.6835,3582.4324,3558.8740,3567.8031,13559233100,214222897580.1000
2024-04-08,3553.5554,3567.8200,3535.7688,3536.4077,15530428300,243249251687.2000
2024-04-09,3533.3849,3543.7141,3518.8601,3533.4871,12967094200,195893525574.7000
2024-04-10,3528.9679,3531.2295,3490.0525,3504.7086,12879027400,199754768626.1000
2024-04-11,3485.0294,3520.5893,3484.9252,3504.2447,12653439500,200293481885.7000
2024-04-12,3505.7499,3516.6988,3470.0611,3475.8389,12892111600,208566204702.9000
2024-04-15,3473.5047,3552.4125,3473.5047,3549.0759,18394125000,267472484531.0000
2024-04-16,3533.3636,3545.5034,3503.6158,3511.1146,17615306500,253315972272.3000
2024-04-17,3509.1318,3565.9389,3498.0324,3565.4030,16846639800,244987812753.2000
2024-04-18,3550.5562,3602.7902,3547.5996,3569.8018,17857410500,261329927268.4000
2024-04-19,3550.6087,3560.9492,3529.3237,3541.6619,14728150500,226229520121.3000
2024-04-22,3536.1844,3558.1642,3528.0186,3530.9045,15057904200,229511183118.0000
2024-04-23,3525.6681,3533.7584,3499.9838,3506.2249,14311350400,213257232210.7000
2024-04-24,3514.0108,3524.5370,3495.6494,3521.6219,12173985100,195299919746.2000
2024-04-25,3510.6396,3543.9699,3505.1999,3530.2813,11518772200,184524622000.7000
2024-04-26,3531.9647,3588.4003,3531.9647,3584.2686,19721613300,308045062250.7000
2024-04-29,3584.5427,3645.8229,3578.7597,3623.9124,22272138100,358709708837.6000
2024-04-30,3619.2586,3630.7092,3604.3943,3604.3943,19129689900,286674161757.8000
2024-05-06,3654.0485,3668.2565,3645.7380,3657.8767,20801800700,333270472130.0000
2024-05-07,3657.0007,3665.6840,3648.3760,3659.0076,16483428600,247368347983.1000
2024-05-08,3650.7484,3650.9355,3628.6984,3630.2233,13003533600,199923460349.8000
2024-05-09,3630.4142,3669.7593,3630.4142,3664.5610,14655901700,232694927940.9000
2024-05-10,3669.0869,3674.6088,3641.7639,3666.2771,15072053600,233730562074.5000
2024-05-13,3646.3491,3673.6211,3634.6049,3664.6907,15726745500,249688465072.9000
2024-05-14,3668.2254,3675.7760,3646.7092,3657.0454,13340649000,214643548213.8000
2024-05-15,3651.0536,3656.5277,3624.0020,3626.0559,12352276400,191480969435.1000
2024-05-16,3636.6007,3657.4831,3626.3340,3640.3592,15463050300,240288953464.0000
2024-05-17,3638.5613,3677.9696,3627.4470,3677.9696,16457041700,247729525192.2000
2024-05-20,3682.0615,3703.0287,3677.4426,3690.9623,18460942300,279971341520.4000
2024-05-21,3682.2868,3684.6106,3665.1524,3676.1611,13067828300,196575354877.9000
2024-05-22,3675.6471,3691.8804,3667.0885,3684.4510,15191460500,230839373504.9000
2024-05-23,3672.8403,3674.3654,3633.5051,3641.7917,14257299000,214205039030.7000
2024-05-24,3630.8270,3650.8734,3599.6678,3601.4754,12479117700,195344742155.9000
2024-05-27,3606.6450,3638.1514,3603.7131,3635.7079,13127264400,206143742535.6000
2024-05-28,3633.2535,3638.9703,3605.9213,3609.1724,12353223800,184381267979.1000
2024-05-29,3609.0708,3633.1971,3602.8198,3613.5223,11590632100,179072813277.6000
2024-05-30,3607.0522,3624.0352,3586.7543,3594.3121,12260299500,193069647050.8000
2024-05-31,3599.8196,3614.6439,3579.9247,3579.9247,11246201900,180707602931.7000
2024-06-03,3577.3798,3600.6044,3567.8713,3588.7483,14105459100,222756928174.4000
2024-06-04,3583.8104,3622.5012,3580.2771,3615.6714,12454509600,195790966233.8000
2024-06-05,3610.3601,3623.3232,3594.1056,3594.7936,11090676600,182639598874.9000
2024-06-06,3602.1554,3625.0109,3584.1710,3592.2454,13789351700,226764072639.2000
2024-06-07,3594.6335,3603.0698,3552.0853,3574.1143,13110302600,213001530097.8000
2024-06-11,3555.8186,3565.3113,3525.8945,3542.8771,13452230600,219282337214.0000
2024-06-12,3539.0947,3551.1706,3531.5657,3544.1225,12281372900,200722600631.1000
2024-06-13,3548.2162,3551.0771,3520.1802,3526.1306,12324546200,214792338449.3000
2024-06-14,3514.7998,3547.1473,3503.5233,3541.5331,17151694200,283768816845.0000
2024-06-17,3521.4365,3540.7932,3520.7381,3536.1986,13743343800,232293851893.9000
2024-06-18,3533.4875,3551.7085,3532.7845,3545.5902,12367183800,208824124156.0000
2024-06-19,3543.3599,3543.3599,3524.8449,3528.7490,10664279700,184790298728.6000
2024-06-20,3525.1687,3533.9865,3500.1310,3503.2817,11161739600,186515776574.7000
2024-06-21,3496.3428,3505.5123,3473.8283,3495.6198,10918661500,182736735066.8000
2024-06-24,3473.6392,3505.7752,3471.2164,3476.8102,11799018400,195787549313.6000
2024-06-25,3475.1648,3483.2189,3440.6464,3457.9023,11844811800,190886336762.4000
2024-06-26,3451.5389,3487.3964,3442.2982,3480.2648,10589886100,171538111702.3000
2024-06-27,3467.2888,3471.1423,3452.5775,3454.1175,11491810100,174112508796.1000
2024-06-28,3443.6744,3484.6780,3443.6744,3461.6570,13540915300,205118806811.8000
2024-07-01,3458.2636,3479.9548,3443.8086,3478.1827,12182977000,188018227774.8000
2024-07-02,3472.4527,3488.3189,3464.5237,3471.7857,12165012100,186104752421.9000
2024-07-03,3471.5556,3478.7047,3454.9942,3463.4141,10385710800,163035359363.1000
2024-07-04,3468.2958,3483.3098,3444.9280,3445.8128,10442990900,159477153569.5000
2024-07-05,3443.3588,3451.0386,3399.6693,3431.0605,11660965900,181416567402.8000
2024-07-08,3420.8033,3428.0418,3395.9123,3401.7604,11552821800,177559765827.5000
2024-07-09,3396.8044,3448.9279,3384.8086,3439.8111,13162944300,215048837819.8000
2024-07-10,3425.8818,3447.5050,3423.6483,3428.9657,12720345600,198149476849.1000
2024-07-11,3451.0442,3473.9837,3438.1180,3468.1690,14589246600,237551298481.6000
2024-07-12,3459.9564,3479.0958,3457.3633,3472.4014,13087458900,205055553856.4000
2024-07-15,3462.6113,3481.4613,3460.7915,3476.2467,11851708300,171584915379.5000
2024-07-16,3466.8523,3500.2943,3464.3655,3498.2827,12065901700,200456285077.5000
2024-07-17,3494.2090,3514.4753,3486.2229,3501.5836,13180206200,222830802528.4000
2024-07-18,3483.2975,3522.7995,3475.7236,3520.9310,12376819900,215783795702.6000
2024-07-19,3500.8052,3545.3383,3493.0734,3539.0156,13244797500,228065104129.0000
2024-07-22,3538.4012,3540.1874,3494.0143,3514.9249,13212633700,217457320403.9000
2024-07-23,3509.7887,3509.7887,3439.8779,3439.8779,12889766000,202857560168.7000
2024-07-24,3432.3459,3451.4196,3408.4129,3418.1663,12703626300,184884499786.8000
2024-07-25,3404.6110,3415.8557,3383.7991,3399.2716,13102224200,190131464834.7000
2024-07-26,3403.7084,3420.8201,3388.6601,3409.2931,12419555800,187853329477.8000
2024-07-29,3404.3663,3408.5024,3388.8444,3390.7420,10978778600,166697103823.1000
2024-07-30,3380.6893,3380.6893,3352.8043,3369.3821,10495216400,165442824490.2000
2024-07-31,3364.0268,3445.0042,3364.0268,3442.0844,17195917700,258249147336.4000
2024-08-01,3443.1397,3448.3361,3419.1872,3419.2666,13632346400,206038002517.7000
2024-08-02,3393.9167,3419.1023,3380.9645,3384.3919,11661525500,179671192427.6000
2024-08-05,3362.1117,3409.0314,3343.3205,3343.3205,14281251600,223631266563.2000
2024-08-06,3367.3517,3376.7956,3318.6251,3342.9789,11934027900,181724693847.5000
2024-08-07,3338.5909,3362.3839,3329.9658,3341.4890,9508437700,145078975325.5000
2024-08-08,3332.4281,3364.7855,3320.8432,3342.9369,9249569500,149482926226.5000
2024-08-09,3358.1280,3366.6688,3331.6274,3331.6274,9151162600,142852166559.2000
2024-08-12,3327.5561,3338.0771,3319.8908,3325.8645,7993875400,117544892726.5000
2024-08-13,3328.0138,3335.0140,3310.1909,3334.3903,8448967900,125259155343.0000
2024-08-14,3332.7866,3332.7866,3309.1000,3309.2389,7874240700,118181952004.2000
2024-08-15,3301.4455,3356.7644,3297.9711,3341.9530,10476639900,149249335425.5000
2024-08-16,3342.0346,3356.9071,3335.6239,3345.6340,9651908300,135885323083.0000
2024-08-19,3344.2614,3375.9621,3343.7116,3356.9677,10557111000,143421671337.3000
2024-08-20,3361.6394,3362.3338,3321.6397,3332.7034,10166833100,137910585091.6000
2024-08-21,3322.9134,3339.4430,3307.9917,3321.6350,8995475100,130005992563.3000
2024-08-22,3322.8723,3327.6962,3305.2453,3313.1357,10036650400,147702791560.6000
2024-08-23,3305.9307,3336.2414,3305.6403,3327.1905,8952577400,132680886499.7000
2024-08-26,3330.7184,3336.5271,3311.5701,3324.2231,9399077200,139070603958.0000
2024-08-27,3315.6860,3320.5667,3299.5635,3305.3338,9580815700,129755962864.4000
2024-08-28,3298.9089,3305.3496,3274.5881,3286.4956,9269665000,135982310964.6000
2024-08-29,3273.5410,3290.7857,3269.5288,3277.6812,13070233300,174340106392.6000
2024-08-30,3273.7532,3351.6254,3273.6496,3321.4323,18869544300,268376041210.9000
2024-09-02,3307.5432,3307.7627,3264.7565,3265.0110,14761235300,194409996348.3000
2024-09-03,3261.7410,3281.5935,3261.1877,3273.4282,12289730600,155089488535.3000
2024-09-04,3253.8980,3272.9861,3249.9809,3252.1649,10483248200,140070063076.9000
2024-09-05,3252.9600,3266.8820,3247.1725,3257.7578,9710945000,134618198893.7000
2024-09-06,3261.1542,3274.8144,3231.0685,3231.3457,8840041700,121541545905.7000
2024-09-09,3214.7996,3222.9278,3180.9277,3192.9516,10867306900,146516054460.5000
2024-09-10,3193.4557,3205.0972,3171.7932,3195.7552,9729007800,133610476131.5000
2024-09-11,3187.0508,3197.3363,3174.0343,3186.1299,10248211000,141513837135.3000
2024-09-12,3189.4271,3201.5544,3171.8775,3172.4747,9286865700,136387244637.1000
2024-09-13,3174.0344,3188.9145,3159.2470,3159.2470,8833667700,137448911397.4000
2024-09-18,3158.8179,3179.9012,3145.7908,3171.0102,8472281400,123452147968.9000
2024-09-19,3178.3959,3213.8378,3149.7925,3196.0357,12543927200,181785109712.7000
2024-09-20,3192.4322,3207.9875,3173.2238,3201.0497,11806409800,163985054956.9000
2024-09-23,3200.8678,3230.1613,3198.0248,3212.7639,9534485500,143876166860.9000
2024-09-24,3244.6468,3351.9684,3222.4885,3351.9090,20407221700,307879526847.5000
2024-09-25,3403.7021,3465.4882,3393.4380,3401.5330,24156425500,356862584939.5000
2024-09-26,3399.3188,3545.3249,3391.6772,3545.3204,24313401000,373983643044.8000
2024-09-27,3617.9203,3708.4951,3596.5833,3703.6849,26548777400,466692757481.8000
2024-09-30,3846.6515,4038.6968,3796.5045,4017.8545,51021770700,862528807419.2000
2024-10-08,4450.3675,4450.3675,4094.3519,4256.0962,58986789400,1130387437130.1000
2024-10-09,4168.8436,4197.6000,3942.5118,3955.9839,48226929500,1029032062193.4000
2024-10-10,3979.6116,4098.4967,3912.7708,3997.7879,39505309900,717952217512.6000
2024-10-11,3969.7576,3978.2389,3847.1228,3887.1670,27409650500,484998267295.6000
2024-10-14,3915.2186,3979.5431,3868.7790,3961.3424,30757899300,534076602215.5000
2024-10-15,3942.5342,3967.8712,3855.9949,3855.9949,24248644800,434410916723.5000
2024-10-16,3806.1373,3877.7483,3805.0868,3831.5890,21886640700,377301324426.4000
2024-10-17,3853.8410,3882.0733,3787.7498,3788.2217,21231382000,369170521634.5000
2024-10-18,3780.3143,3998.2140,3765.1615,3925.2340,31295883400,620673701894.1000
2024-10-21,3946.9016,3979.2638,3896.1650,3935.1974,29118563400,600109598949.1000
2024-10-22,3923.7443,3965.9084,3917.5218,3957.7755,22343339600,442881846813.7000
2024-10-23,3955.3191,4012.1795,3939.0986,3973.2089,24587394900,469120806272.1000
2024-10-24,3950.8987,3957.9832,3914.0887,3928.8334,17472406200,340486884485.3000
2024-10-25,3931.3205,3992.8918,3921.9396,3956.4210,21069488500,412231378430.4000
2024-10-28,3953.1063,3964.1569,3917.2042,3964.1569,21616041500,390450182338.0000
2024-10-29,3970.0080,3991.3091,3921.5795,3924.6490,21729398400,429625020404.8000
2024-10-30,3904.1595,3926.0581,3864.3051,3889.4487,21943662600,385010582233.2000
2024-10-31,3888.4229,3923.8997,3859.1079,3891.0396,30063671800,515533818945.0000
2024-11-01,3882.4579,3933.2204,3879.9588,3890.0203,30798648100,476472952028.3000
2024-11-04,3897.7144,3944.7619,3891.2109,3944.7619,22923906000,381048606068.1000
2024-11-05,3937.6228,4046.6977,3925.4138,4044.5725,31686279400,580971852723.7000
2024-11-06,4051.2891,4091.7031,4002.5027,4024.2831,33580793800,639124093911.8000
2024-11-07,3987.2665,4146.1510,3984.6652,4145.6952,34143641400,658145920948.1000
2024-11-08,4192.0794,4200.9080,4094.1631,4104.0470,33235038500,688446559772.2000
2024-11-11,4066.9336,4132.5111,4048.0390,4131.1312,28959422700,625605935910.0000
2024-11-12,4133.3528,4181.7096,4060.7936,4085.7430,29777808600,660380524820.6000
2024-11-13,4059.5898,4121.0735,4059.5898,4110.8901,24048409900,512734303119.4000
2024-11-14,4101.2228,4118.1686,4034.9441,4039.6191,23015278400,464157560755.1000
2024-11-15,4025.6482,4049.0710,3968.8308,3968.8308,24739946300,474079686588.2000
2024-11-18,3982.1036,4034.0596,3931.1872,3950.3806,30677794600,472408054830.7000
2024-11-19,3954.6038,3979.1505,3896.7493,3976.8912,24294646500,402610970340.1000
2024-11-20,3966.1238,4001.0847,3958.3383,3985.7727,18459937200,347577693099.5000
2024-11-21,3979.4554,3999.5693,3966.0658,3989.2979,16612592700,324235010779.0000
2024-11-22,3984.2435,3990.2647,3865.6989,3865.6989,21628580900,397566831847.8000
